D,D_lazy,churny_fraction,num_seeds,delivery_rate_mean,delivery_rate_std,p99_latency_sec_mean,p99_latency_sec_std,bytes_per_delivery_mean,bytes_per_delivery_std,p50_latency_sec_mean,p50_latency_sec_std,p90_latency_sec_mean,p90_latency_sec_std,avg_latency_sec_mean,avg_latency_sec_std,payload_bytes_MB_mean,payload_bytes_MB_std,control_bytes_MB_mean,control_bytes_MB_std,meshmnt_bytes_MB_mean,meshmnt_bytes_MB_std,gossip_bytes_MB_mean,gossip_bytes_MB_std,total_bytes_MB_mean,total_bytes_MB_std,payload_pct_mean,payload_pct_std,messages_published_mean,messages_published_std,total_deliveries_mean,total_deliveries_std,drops_peer_mean,drops_peer_std,drops_offline_mean,drops_offline_std,online_rate_mean,online_rate_std
2,1,0.2,1,0.9921547169811321,0.0,6.300000000000001,0.0,3066.941555376205,0.0,1.8,0.0,2.5,0.0,1.9266531772982687,0.0,1450.5966796875,0.0,85.98615264892578,0.0,2.2222518920898438,0.0,83.76390075683594,0.0,1536.5828323364258,0.0,94.40406655343267,0.0,530.0,0.0,525352.0,0.0,0.0,0.0,10785.0,0.0,0.967,0.0
2,1,0.1,1,0.994088850174216,0.0,4.9,0.0,2659.4636657866345,0.0,2.1,0.0,2.8000000000000003,0.0,2.0793740954820152,0.0,1358.43896484375,0.0,87.36997985839844,0.0,0.98724365234375,0.0,86.38273620605469,0.0,1445.8089447021484,0.0,93.95701761435723,0.0,574.0,0.0,570055.0,0.0,0.0,0.0,5415.0,0.0,0.988,0.0
2,1,0,1,1.0,0.0,2.1,0.0,3063.296732630066,0.0,1.4000000000000001,0.0,1.8,0.0,1.3673352840019506,0.0,1506.78662109375,0.0,86.69583129882812,0.0,0.0,0.0,86.69583129882812,0.0,1593.4824523925781,0.0,94.55934822698197,0.0,546.0,0.0,545454.0,0.0,0.0,0.0,0.0,0.0,1.0,0.0
2,1,0.3,1,0.988440734557596,0.0,7.6000000000000005,0.0,6845.39098861533,0.0,1.7000000000000002,0.0,2.4000000000000004,0.0,2.007608036038777,0.0,3725.01708984375,0.0,137.0116310119629,0.0,4.159641265869141,0.0,132.85198974609375,0.0,3862.028720855713,0.0,96.45234044293682,0.0,599.0,0.0,591585.0,0.0,0.0,0.0,52534.0,0.0,0.953,0.0
2,3,0.1,1,0.9986507352941176,0.0,4.6000000000000005,0.0,3317.1292648863373,0.0,2.0,0.0,2.7,0.0,2.037709720569106,0.0,1455.25341796875,0.0,261.70237731933594,0.0,1.0097503662109375,0.0,260.692626953125,0.0,1716.955795288086,0.0,84.75776848550576,0.0,544.0,0.0,542746.0,0.0,0.0,0.0,9794.0,0.0,0.986,0.0
2,3,0,1,1.0,0.0,2.1,0.0,3398.589753055808,0.0,1.4000000000000001,0.0,1.8,0.0,1.3880541091550267,0.0,1503.064453125,0.0,261.5946502685547,0.0,0.0,0.0,261.5946502685547,0.0,1764.6591033935547,0.0,85.17591019333473,0.0,545.0,0.0,544455.0,0.0,0.0,0.0,0.0,0.0,1.0,0.0
2,3,0.2,1,0.9959244935543278,0.0,6.2,0.0,11579.560813286793,0.0,1.9000000000000001,0.0,2.5,0.0,2.025912504673105,0.0,5472.55078125,0.0,494.33934020996094,0.0,2.254486083984375,0.0,492.08485412597656,0.0,5966.890121459961,0.0,91.71529339157652,0.0,543.0,0.0,540326.0,0.0,0.0,0.0,79746.0,0.0,0.964,0.0
2,5,0,1,1.0,0.0,2.1,0.0,3757.442814655811,0.0,1.4000000000000001,0.0,1.8,0.0,1.3857424211214824,0.0,1545.0087890625,0.0,438.19671630859375,0.0,0.0,0.0,438.19671630859375,0.0,1983.2055053710938,0.0,77.90462384650353,0.0,554.0,0.0,553446.0,0.0,0.0,0.0,0.0,0.0,1.0,0.0
2,5,0.1,1,0.9960422535211267,0.0,4.5,0.0,4318.751906357592,0.0,2.0,0.0,2.7,0.0,2.0491074177214292,0.0,1856.109375,0.0,471.8277893066406,0.0,0.9883880615234375,0.0,470.8394012451172,0.0,2327.9371643066406,0.0,79.73193621627793,0.0,568.0,0.0,565214.0,0.0,0.0,0.0,17770.0,0.0,0.989,0.0
2,5,0.2,1,0.9962262118491921,0.0,6.2,0.0,54276.50730014555,0.0,1.9000000000000001,0.0,2.5,0.0,1.9762995521615465,0.0,25817.197265625,0.0,2881.8393173217773,0.0,2.2474288940429688,0.0,2879.5918884277344,0.0,28699.036582946777,0.0,89.95841094180076,0.0,557.0,0.0,554441.0,0.0,14864.0,0.0,406332.0,0.0,0.968,0.0
2,3,0.3,1,0.9929113475177305,0.0,8.0,0.0,95301.47551711506,0.0,1.7000000000000002,0.0,2.4000000000000004,0.0,1.9648595859505538,0.0,47754.8525390625,0.0,3104.8173294067383,0.0,4.237556457519531,0.0,3100.5797729492188,0.0,50859.66986846924,0.0,93.89532543676303,0.0,564.0,0.0,559595.0,0.0,113649.0,0.0,828763.0,0.0,0.962,0.0
2,7,0,1,0.999071297989031,0.0,2.1,0.0,4066.298253487073,0.0,1.4000000000000001,0.0,1.8,0.0,1.3739462766395882,0.0,1515.23583984375,0.0,601.8974914550781,0.0,0.0,0.0,601.8974914550781,0.0,2117.133331298828,0.0,71.57016600906172,0.0,547.0,0.0,545945.0,0.0,0.0,0.0,0.0,0.0,1.0,0.0
2,7,0.1,1,0.9956660649819494,0.0,4.5,0.0,6250.186521690214,0.0,2.0,0.0,2.6,0.0,2.026114814962673,0.0,2549.970703125,0.0,734.8081665039062,0.0,0.9563446044921875,0.0,733.8518218994141,0.0,3284.7788696289062,0.0,77.62990460947162,0.0,554.0,0.0,551078.0,0.0,0.0,0.0,30809.0,0.0,0.984,0.0
2,5,0.3,1,0.9964674657534247,0.0,7.6000000000000005,0.0,119748.48918977943,0.0,1.7000000000000002,0.0,2.4000000000000004,0.0,1.9385532721272916,0.0,60155.90478515625,0.0,6255.779407501221,0.0,4.171848297119141,0.0,6251.607559204102,0.0,66411.68419265747,0.0,90.58030302415841,0.0,584.0,0.0,581533.0,0.0,158418.0,0.0,1057018.0,0.0,0.947,0.0
2,7,0.2,1,0.9981612318840579,0.0,6.300000000000001,0.0,71514.41964078121,0.0,1.9000000000000001,0.0,2.5,0.0,1.984143767437805,0.0,32862.24755859375,0.0,4684.568710327148,0.0,2.2518157958984375,0.0,4682.31689453125,0.0,37546.8162689209,0.0,87.52339299083324,0.0,552.0,0.0,550528.0,0.0,33931.0,0.0,537513.0,0.0,0.965,0.0
2,9,0,1,1.0,0.0,2.1,0.0,4405.542304208971,0.0,1.4000000000000001,0.0,1.8,0.0,1.375866151866152,0.0,1454.70556640625,0.0,748.8512573242188,0.0,0.0,0.0,748.8512573242188,0.0,2203.5568237304688,0.0,66.01624930840379,0.0,525.0,0.0,524475.0,0.0,0.0,0.0,0.0,0.0,1.0,0.0
2,9,0.1,1,0.9995739750445632,0.0,4.5,0.0,11089.746983478744,0.0,2.0,0.0,2.6,0.0,2.0365086533106767,0.0,4620.59326171875,0.0,1304.5934371948242,0.0,1.0240554809570312,0.0,1303.5693817138672,0.0,5925.186698913574,0.0,77.98223915148478,0.0,561.0,0.0,560248.0,0.0,0.0,0.0,64863.0,0.0,0.989,0.0
2,11,0,1,0.9993661710037175,0.0,2.1,0.0,4747.176863313853,0.0,1.4000000000000001,0.0,1.8,0.0,1.3953018035042384,0.0,1490.0712890625,0.0,941.615478515625,0.0,0.0,0.0,941.615478515625,0.0,2431.686767578125,0.0,61.277270943352576,0.0,538.0,0.0,537121.0,0.0,0.0,0.0,0.0,0.0,1.0,0.0
2,9,0.2,1,0.999945945945946,0.0,6.1000000000000005,0.0,86068.93539375994,0.0,1.8,0.0,2.4000000000000004,0.0,1.8954130922088395,0.0,38259.49658203125,0.0,7255.891498565674,0.0,2.271747589111328,0.0,7253.6197509765625,0.0,45515.388080596924,0.0,84.05837716748186,0.0,555.0,0.0,554513.0,0.0,57408.0,0.0,711193.0,0.0,0.97,0.0
2,7,0.3,1,0.9981770072992701,0.0,7.4,0.0,148267.4456583781,0.0,1.7000000000000002,0.0,2.4000000000000004,0.0,1.897803211029315,0.0,67734.0234375,0.0,9556.853023529053,0.0,4.186916351318359,0.0,9552.666107177734,0.0,77290.87646102905,0.0,87.63521199252058,0.0,548.0,0.0,546616.0,0.0,169958.0,0.0,1189323.0,0.0,0.947,0.0
2,11,0.1,1,0.996259325044405,0.0,4.5,0.0,15660.75250768679,0.0,2.0,0.0,2.6,0.0,2.0378962734016564,0.0,6407.2412109375,0.0,1962.1335487365723,0.0,0.9713172912597656,0.0,1961.1622314453125,0.0,8369.374759674072,0.0,76.55579293460886,0.0,563.0,0.0,560377.0,0.0,0.0,0.0,98102.0,0.0,0.982,0.0
2,9,0.3,1,0.9982421602787457,0.0,7.5,0.0,156549.39343589492,0.0,1.7000000000000002,0.0,2.4000000000000004,0.0,1.895745713841624,0.0,73198.58642578125,0.0,12288.804218292236,0.0,4.179096221923828,0.0,12284.625122070312,0.0,85487.39064407349,0.0,85.62500957660922,0.0,574.0,0.0,572599.0,0.0,190744.0,0.0,1357383.0,0.0,0.952,0.0
2,13,0,1,1.0,0.0,2.1,0.0,5060.848420376095,0.0,1.4000000000000001,0.0,1.8,0.0,1.389164995253556,0.0,1503.49365234375,0.0,1109.7998657226562,0.0,0.0,0.0,1109.7998657226562,0.0,2613.2935180664062,0.0,57.53252139301196,0.0,542.0,0.0,541458.0,0.0,0.0,0.0,0.0,0.0,1.0,0.0
2,11,0.2,1,0.9999662921348315,0.0,6.2,0.0,102287.12568527233,0.0,1.8,0.0,2.4000000000000004,0.0,1.9286059147554009,0.0,42360.06591796875,0.0,9686.69945526123,0.0,2.2737503051757812,0.0,9684.425704956055,0.0,52046.76537322998,0.0,81.38846980057758,0.0,534.0,0.0,533547.0,0.0,57857.0,0.0,747734.0,0.0,0.965,0.0
2,13,0.1,1,0.9975353159851301,0.0,4.7,0.0,23588.85142524637,0.0,2.0,0.0,2.6,0.0,2.0310773460055054,0.0,9112.9072265625,0.0,2949.2218589782715,0.0,0.9890556335449219,0.0,2948.2328033447266,0.0,12062.129085540771,0.0,75.5497405303547,0.0,538.0,0.0,536188.0,0.0,0.0,0.0,142538.0,0.0,0.972,0.0
2,13,0.2,1,0.9932580645161291,0.0,6.300000000000001,0.0,101878.13387457632,0.0,1.9000000000000001,0.0,2.4000000000000004,0.0,1.9392013535890154,0.0,42809.00537109375,0.0,10996.141918182373,0.0,2.208232879638672,0.0,10993.933685302734,0.0,53805.14728927612,0.0,79.56302979887204,0.0,558.0,0.0,553787.0,0.0,50131.0,0.0,735837.0,0.0,0.97,0.0
2,15,0,1,1.0,0.0,2.1,0.0,5269.62941023215,0.0,1.4000000000000001,0.0,1.8,0.0,1.3704010517366685,0.0,1627.94970703125,0.0,1304.0133666992188,0.0,0.0,0.0,1304.0133666992188,0.0,2931.9630737304688,0.0,55.5242227167594,0.0,584.0,0.0,583416.0,0.0,0.0,0.0,0.0,0.0,1.0,0.0
2,15,0.1,1,0.9999301075268817,0.0,4.7,0.0,26651.853757330162,0.0,2.0,0.0,2.6,0.0,2.041243001702374,0.0,10367.15478515625,0.0,3801.834815979004,0.0,0.9885787963867188,0.0,3800.846237182617,0.0,14168.989601135254,0.0,73.16791865191014,0.0,558.0,0.0,557457.0,0.0,0.0,0.0,175041.0,0.0,0.984,0.0
2,11,0.3,1,0.9899723183391004,0.0,7.300000000000001,0.0,171794.854114783,0.0,1.7000000000000002,0.0,2.4000000000000004,0.0,1.881155385175029,0.0,78044.89013671875,0.0,15635.418418884277,0.0,4.225730895996094,0.0,15631.192687988281,0.0,93680.30855560303,0.0,83.30981327884501,0.0,578.0,0.0,571792.0,0.0,168278.0,0.0,1475626.0,0.0,0.954,0.0
2,17,0,1,1.0,0.0,2.0,0.0,5784.795059765648,0.0,1.4000000000000001,0.0,1.8,0.0,1.3695988267679444,0.0,1520.21630859375,0.0,1477.9274444580078,0.0,0.0,0.0,1477.9274444580078,0.0,2998.143753051758,0.0,50.705250775462275,0.0,544.0,0.0,543456.0,0.0,0.0,0.0,0.0,0.0,1.0,0.0
2,15,0.2,1,0.994695575221239,0.0,6.2,0.0,109051.34383197426,0.0,1.8,0.0,2.4000000000000004,0.0,1.9294353136859275,0.0,44944.0576171875,0.0,13455.074401855469,0.0,2.26593017578125,0.0,13452.808471679688,0.0,58399.13201904297,0.0,76.96014660377487,0.0,565.0,0.0,561533.0,0.0,52512.0,0.0,790585.0,0.0,0.966,0.0
2,13,0.3,1,0.9928936170212765,0.0,7.5,0.0,191732.72611021067,0.0,1.7000000000000002,0.0,2.4000000000000004,0.0,1.8886697843642166,0.0,83360.99853515625,0.0,18962.366928100586,0.0,4.2491912841796875,0.0,18958.117736816406,0.0,102323.36546325684,0.0,81.46819463741177,0.0,564.0,0.0,559601.0,0.0,185227.0,0.0,1646337.0,0.0,0.953,0.0
2,17,0.1,1,0.9963393501805055,0.0,4.5,0.0,42900.355251394925,0.0,2.0,0.0,2.5,0.0,2.0101667745614846,0.0,16381.18798828125,0.0,6180.799514770508,0.0,0.972747802734375,0.0,6179.826766967773,0.0,22561.987503051758,0.0,72.60525246752093,0.0,554.0,0.0,551463.0,0.0,2244.0,0.0,273232.0,0.0,0.988,0.0
2,19,0,1,1.0,0.0,2.1,0.0,5879.40161527552,0.0,1.4000000000000001,0.0,1.8,0.0,1.3708526389787337,0.0,1591.69189453125,0.0,1606.7230834960938,0.0,0.0,0.0,1606.7230834960938,0.0,3198.4149780273438,0.0,49.765021282915036,0.0,571.0,0.0,570429.0,0.0,0.0,0.0,0.0,0.0,1.0,0.0
2,17,0.2,1,0.9947678883071553,0.0,6.300000000000001,0.0,115726.58576387608,0.0,1.8,0.0,2.4000000000000004,0.0,1.9146936998154598,0.0,47313.94921875,0.0,15541.725814819336,0.0,2.19879150390625,0.0,15539.52702331543,0.0,62855.675033569336,0.0,75.27394971652286,0.0,573.0,0.0,569523.0,0.0,70679.0,0.0,877035.0,0.0,0.98,0.0
2,15,0.3,1,0.9963048780487805,0.0,7.300000000000001,0.0,198223.14860064603,0.0,1.7000000000000002,0.0,2.4000000000000004,0.0,1.87951784670626,0.0,86342.4345703125,0.0,21689.952701568604,0.0,4.180240631103516,0.0,21685.7724609375,0.0,108032.3872718811,0.0,79.92273127596236,0.0,574.0,0.0,571478.0,0.0,200255.0,0.0,1684412.0,0.0,0.955,0.0
2,19,0.1,1,0.9945,0.0,4.7,0.0,47004.25184240311,0.0,2.0,0.0,2.5,0.0,2.0292257298644416,0.0,17056.40185546875,0.0,7262.019142150879,0.0,0.9840011596679688,0.0,7261.035140991211,0.0,24318.42099761963,0.0,70.13778508538154,0.0,546.0,0.0,542498.0,0.0,1567.0,0.0,291940.0,0.0,0.987,0.0
2,21,0,1,1.0,0.0,2.1,0.0,6325.840244462389,0.0,1.4000000000000001,0.0,1.8,0.0,1.3787768436274588,0.0,1608.32373046875,0.0,1820.9019012451172,0.0,0.0,0.0,1820.9019012451172,0.0,3429.225631713867,0.0,46.90049309076632,0.0,569.0,0.0,568431.0,0.0,0.0,0.0,0.0,0.0,1.0,0.0
2,19,0.2,1,0.9982220248667851,0.0,6.1000000000000005,0.0,123765.86903591629,0.0,1.8,0.0,2.4000000000000004,0.0,1.9037397957003033,0.0,49027.67578125,0.0,17250.78272628784,0.0,2.237987518310547,0.0,17248.54473876953,0.0,66278.45850753784,0.0,73.97226321380738,0.0,563.0,0.0,561528.0,0.0,74216.0,0.0,924714.0,0.0,0.986,0.0
2,17,0.3,1,0.9927241992882563,0.0,7.4,0.0,225706.24367809494,0.0,1.8,0.0,2.4000000000000004,0.0,1.9108601521777344,0.0,93929.9970703125,0.0,26073.307495117188,0.0,4.1782379150390625,0.0,26069.12925720215,0.0,120003.30456542969,0.0,78.27284207752697,0.0,562.0,0.0,557506.0,0.0,256445.0,0.0,1877089.0,0.0,0.943,0.0
2,21,0.1,1,0.9982027972027973,0.0,4.6000000000000005,0.0,53469.0350128934,0.0,2.0,0.0,2.5,0.0,1.995089640229504,0.0,19952.1328125,0.0,9136.126518249512,0.0,0.9801864624023438,0.0,9135.14633178711,0.0,29088.25933074951,0.0,68.59170425302275,0.0,572.0,0.0,570447.0,0.0,6481.0,0.0,362566.0,0.0,0.99,0.0
4,1,0,1,1.0,0.0,1.1,0.0,5988.9166504767245,0.0,0.8,0.0,0.9,0.0,0.7410354902036973,0.0,3000.26953125,0.0,86.549072265625,0.0,0.0,0.0,86.549072265625,0.0,3086.818603515625,0.0,97.1961723903357,0.0,541.0,0.0,540459.0,0.0,0.0,0.0,0.0,0.0,1.0,0.0
4,1,0.1,1,0.995148623853211,0.0,3.4000000000000004,0.0,6043.443111330118,0.0,0.8,0.0,1.0,0.0,0.8297339246528952,0.0,3032.57666015625,0.0,90.2996711730957,0.0,2.3194313049316406,0.0,87.98023986816406,0.0,3122.8763313293457,0.0,97.10844549727472,0.0,545.0,0.0,541839.0,0.0,0.0,0.0,9401.0,0.0,0.99,0.0
4,1,0.2,1,0.9945645161290323,0.0,5.1000000000000005,0.0,7015.423658504913,0.0,0.8,0.0,1.0,0.0,0.8949056372372198,0.0,3614.99853515625,0.0,94.55016708374023,0.0,5.268764495849609,0.0,89.28140258789062,0.0,3709.5487022399902,0.0,97.4511679270676,0.0,558.0,0.0,554456.0,0.0,0.0,0.0,23968.0,0.0,0.965,0.0
4,1,0.3,1,0.9890981818181818,0.0,7.7,0.0,29845.231214712912,0.0,0.8,0.0,1.0,0.0,1.1566181056225704,0.0,15256.0517578125,0.0,215.57952880859375,0.0,9.138870239257812,0.0,206.44065856933594,0.0,15471.631286621094,0.0,98.6066141002532,0.0,550.0,0.0,543577.0,0.0,0.0,0.0,216349.0,0.0,0.948,0.0
4,3,0,1,1.0,0.0,1.1,0.0,6275.5218886182965,0.0,0.8,0.0,0.9,0.0,0.7505077856684663,0.0,2906.81982421875,0.0,255.97555541992188,0.0,0.0,0.0,255.97555541992188,0.0,3162.795379638672,0.0,91.90666721382509,0.0,529.0,0.0,528471.0,0.0,0.0,0.0,0.0,0.0,1.0,0.0
2,21,0.2,1,0.9911592920353982,0.0,6.2,0.0,132836.70099474213,0.0,1.8,0.0,2.4000000000000004,0.0,1.9164432696741263,0.0,51059.62060546875,0.0,19824.810611724854,0.0,2.245807647705078,0.0,19822.56480407715,0.0,70884.4312171936,0.0,72.03220753654551,0.0,565.0,0.0,559542.0,0.0,73819.0,0.0,974669.0,0.0,0.976,0.0
2,19,0.3,1,0.9962873345935728,0.0,7.300000000000001,0.0,253749.33738911166,0.0,1.7000000000000002,0.0,2.4000000000000004,0.0,1.8761354660347551,0.0,97864.248046875,0.0,29583.46297454834,0.0,4.203224182128906,0.0,29579.25975036621,0.0,127447.71102142334,0.0,76.78776438003229,0.0,529.0,0.0,526656.0,0.0,262445.0,0.0,1941598.0,0.0,0.943,0.0
4,3,0.1,1,0.9962680412371134,0.0,3.3000000000000003,0.0,6563.813107990298,0.0,0.8,0.0,1.0,0.0,0.8444226735604602,0.0,3364.24072265625,0.0,261.80755615234375,0.0,2.3303985595703125,0.0,259.47715759277344,0.0,3626.0482788085938,0.0,92.7798105258994,0.0,582.0,0.0,579265.0,0.0,0.0,0.0,14133.0,0.0,0.984,0.0
4,3,0.2,1,0.9984316163410302,0.0,5.1000000000000005,0.0,26095.61835372042,0.0,0.8,0.0,1.0,0.0,0.9468523761195092,0.0,13350.94921875,0.0,626.1798934936523,0.0,5.218315124511719,0.0,620.9615783691406,0.0,13977.129112243652,0.0,95.51996773825941,0.0,563.0,0.0,561630.0,0.0,0.0,0.0,174252.0,0.0,0.972,0.0
4,5,0,1,1.0,0.0,1.1,0.0,6597.096165437196,0.0,0.8,0.0,0.9,0.0,0.7400846672605109,0.0,3112.17919921875,0.0,426.3825988769531,0.0,0.0,0.0,426.3825988769531,0.0,3538.561798095703,0.0,87.950398404617,0.0,563.0,0.0,562437.0,0.0,0.0,0.0,0.0,0.0,1.0,0.0
4,5,0.1,1,0.9952522522522522,0.0,3.3000000000000003,0.0,8208.438188157352,0.0,0.8,0.0,1.0,0.0,0.8423473640719344,0.0,3836.5693359375,0.0,483.3003692626953,0.0,2.3006439208984375,0.0,480.9997253417969,0.0,4319.869705200195,0.0,88.81215401749489,0.0,555.0,0.0,551836.0,0.0,0.0,0.0,23756.0,0.0,0.988,0.0
4,7,0,1,1.0,0.0,1.1,0.0,6934.267619535913,0.0,0.8,0.0,0.9,0.0,0.7411979924175045,0.0,3177.9873046875,0.0,614.0977172851562,0.0,0.0,0.0,614.0977172851562,0.0,3792.0850219726562,0.0,83.80580304168126,0.0,574.0,0.0,573426.0,0.0,0.0,0.0,0.0,0.0,1.0,0.0
2,21,0.3,1,0.9990036630036631,0.0,7.300000000000001,0.0,252513.8038270314,0.0,1.7000000000000002,0.0,2.3000000000000003,0.0,1.8739022510870165,0.0,99713.431640625,0.0,31548.106914520264,0.0,4.175853729248047,0.0,31543.931060791016,0.0,131261.53855514526,0.0,75.9654600564762,0.0,546.0,0.0,545070.0,0.0,255487.0,0.0,2114743.0,0.0,0.955,0.0
4,5,0.2,1,0.9998563535911602,0.0,5.300000000000001,0.0,83520.8647855493,0.0,0.8,0.0,1.0,0.0,0.9523592618331771,0.0,40721.94140625,0.0,2487.435127258301,0.0,5.242347717285156,0.0,2482.1927795410156,0.0,43209.3765335083,0.0,94.24329780521289,0.0,543.0,0.0,542479.0,0.0,1053073.0,0.0,636714.0,0.0,0.976,0.0
4,7,0.1,1,0.9971252268602541,0.0,3.4000000000000004,0.0,11402.02206218585,0.0,0.8,0.0,1.0,0.0,0.8530713076809564,0.0,5186.7421875,0.0,781.9278144836426,0.0,2.2973060607910156,0.0,779.6305084228516,0.0,5968.670001983643,0.0,86.89946312622787,0.0,551.0,0.0,548903.0,0.0,0.0,0.0,43640.0,0.0,0.987,0.0
4,3,0.3,1,0.9964622144112478,0.0,7.2,0.0,151048.78695746564,0.0,0.8,0.0,1.0,0.0,1.0531320544250826,0.0,78899.9619140625,0.0,2716.2190475463867,0.0,9.148597717285156,0.0,2707.0704498291016,0.0,81616.18096160889,0.0,96.67196012415226,0.0,569.0,0.0,566577.0,0.0,2859911.0,0.0,1293478.0,0.0,0.962,0.0
4,9,0,1,1.0,0.0,1.1,0.0,7225.054231512063,0.0,0.8,0.0,0.9,0.0,0.7382013683218503,0.0,3216.9404296875,0.0,782.3488464355469,0.0,0.0,0.0,782.3488464355469,0.0,3999.289276123047,0.0,80.43780300898953,0.0,581.0,0.0,580419.0,0.0,0.0,0.0,0.0,0.0,1.0,0.0
4,9,0.1,1,0.9976225402504473,0.0,3.4000000000000004,0.0,20564.31733416614,0.0,0.8,0.0,1.0,0.0,0.866174343179803,0.0,9499.5908203125,0.0,1427.1247062683105,0.0,2.2879600524902344,0.0,1424.8367462158203,0.0,10926.71552658081,0.0,86.93912454482205,0.0,559.0,0.0,557154.0,0.0,0.0,0.0,110486.0,0.0,0.981,0.0
4,5,0.3,1,0.9964258289703316,0.0,6.800000000000001,0.0,177915.3434413717,0.0,0.8,0.0,1.0,0.0,1.0191210878964683,0.0,90617.4287109375,0.0,6192.892707824707,0.0,9.134483337402344,0.0,6183.758224487305,0.0,96810.3214187622,0.0,93.60306564727043,0.0,573.0,0.0,570569.0,0.0,6592866.0,0.0,1741722.0,0.0,0.947,0.0
4,7,0.2,1,1.0,0.0,5.300000000000001,0.0,103307.48056185953,0.0,0.8,0.0,1.0,0.0,0.9341975247734098,0.0,51450.58154296875,0.0,4464.812999725342,0.0,5.242824554443359,0.0,4459.570175170898,0.0,55915.39454269409,0.0,92.01505589607126,0.0,568.0,0.0,567544.0,0.0,2769106.0,0.0,802375.0,0.0,0.966,0.0
4,9,0.2,1,0.9981261261261262,0.0,5.2,0.0,118950.97532271614,0.0,0.8,0.0,1.0,0.0,0.92761366202654,0.0,55746.09228515625,0.0,7043.78617477417,0.0,5.206584930419922,0.0,7038.57958984375,0.0,62789.87845993042,0.0,88.7819719554495,0.0,555.0,0.0,553505.0,0.0,4198188.0,0.0,881419.0,0.0,0.971,0.0
4,11,0,1,1.0,0.0,1.1,0.0,7703.018674982112,0.0,0.8,0.0,0.9,0.0,0.7384926059514725,0.0,3061.43408203125,0.0,952.9031372070312,0.0,0.0,0.0,952.9031372070312,0.0,4014.3372192382812,0.0,76.26250399093666,0.0,547.0,0.0,546453.0,0.0,0.0,0.0,0.0,0.0,1.0,0.0
4,11,0.1,1,0.9996091370558375,0.0,3.4000000000000004,0.0,22362.39025183659,0.0,0.8,0.0,1.0,0.0,0.8597317289706959,0.0,10716.31640625,0.0,1871.0586853027344,0.0,2.29034423828125,0.0,1868.7683410644531,0.0,12587.375091552734,0.0,85.13543394318658,0.0,591.0,0.0,590224.0,0.0,0.0,0.0,138617.0,0.0,0.985,0.0
4,7,0.3,1,0.9964458259325044,0.0,6.4,0.0,199790.73805544307,0.0,0.8,0.0,1.0,0.0,0.9835270802749145,0.0,97419.12744140625,0.0,9397.055126190186,0.0,9.131526947021484,0.0,9387.923599243164,0.0,106816.18256759644,0.0,91.20259224744018,0.0,563.0,0.0,560611.0,0.0,7957621.0,0.0,1849835.0,0.0,0.954,0.0
4,13,0,1,1.0,0.0,1.1,0.0,7935.237039553018,0.0,0.8,0.0,0.9,0.0,0.742000168930151,0.0,3106.25244140625,0.0,1104.7032775878906,0.0,0.0,0.0,1104.7032775878906,0.0,4210.955718994141,0.0,73.76597258895498,0.0,557.0,0.0,556443.0,0.0,0.0,0.0,0.0,0.0,1.0,0.0
4,9,0.3,1,0.996459649122807,0.0,6.7,0.0,207717.01820167905,0.0,0.8,0.0,1.0,0.0,1.0064746249460435,0.0,100487.81689453125,0.0,11947.58480834961,0.0,9.185028076171875,0.0,11938.399780273438,0.0,112435.40170288086,0.0,89.37382298866862,0.0,570.0,0.0,567585.0,0.0,8516087.0,0.0,1902582.0,0.0,0.96,0.0
4,11,0.2,1,0.9963021978021978,0.0,5.1000000000000005,0.0,135303.56101357206,0.0,0.8,0.0,1.0,0.0,0.9030816329158871,0.0,60368.68359375,0.0,9767.676063537598,0.0,5.263710021972656,0.0,9762.412353515625,0.0,70136.3596572876,0.0,86.07330618346019,0.0,546.0,0.0,543543.0,0.0,5514233.0,0.0,1039136.0,0.0,0.965,0.0
4,13,0.1,1,0.9998264014466546,0.0,3.3000000000000003,0.0,43087.545003620566,0.0,0.8,0.0,1.0,0.0,0.8475128530050688,0.0,19081.6083984375,0.0,3617.3279304504395,0.0,2.3163795471191406,0.0,3615.0115509033203,0.0,22698.93632888794,0.0,84.06388793713288,0.0,553.0,0.0,552400.0,0.0,41593.0,0.0,240335.0,0.0,0.974,0.0
4,15,0,1,1.0,0.0,1.0,0.0,8256.878580857565,0.0,0.8,0.0,0.9,0.0,0.7367156999381167,0.0,3185.06689453125,0.0,1306.703842163086,0.0,0.0,0.0,1306.703842163086,0.0,4491.770736694336,0.0,70.90893728194287,0.0,571.0,0.0,570429.0,0.0,0.0,0.0,0.0,0.0,1.0,0.0
4,13,0.2,1,0.9963895870736086,0.0,5.2,0.0,135684.04030757246,0.0,0.8,0.0,1.0,0.0,0.9045138638429245,0.0,60876.58740234375,0.0,10879.475082397461,0.0,5.266571044921875,0.0,10874.208511352539,0.0,71756.06248474121,0.0,84.83824961171614,0.0,557.0,0.0,554536.0,0.0,5175316.0,0.0,1027658.0,0.0,0.983,0.0
4,15,0.1,1,0.999854748603352,0.0,3.5,0.0,41898.14907276916,0.0,0.8,0.0,1.0,0.0,0.8575522522724053,0.0,17633.24267578125,0.0,3801.231788635254,0.0,2.3408889770507812,0.0,3798.890899658203,0.0,21434.474464416504,0.0,82.26580364755058,0.0,537.0,0.0,536436.0,0.0,2604.0,0.0,222008.0,0.0,0.989,0.0
4,11,0.3,1,0.9927675675675676,0.0,6.6000000000000005,0.0,232113.37509398872,0.0,0.8,0.0,1.0,0.0,0.9909118812636444,0.0,106344.52734375,0.0,15536.156650543213,0.0,9.064960479736328,0.0,15527.091690063477,0.0,121880.68399429321,0.0,87.25297878105881,0.0,555.0,0.0,550598.0,0.0,9420463.0,0.0,2104565.0,0.0,0.943,0.0
4,17,0,1,1.0,0.0,1.1,0.0,8681.41444176417,0.0,0.8,0.0,0.9,0.0,0.7390519845893253,0.0,3092.91064453125,0.0,1447.847900390625,0.0,0.0,0.0,1447.847900390625,0.0,4540.758544921875,0.0,68.11440454128935,0.0,549.0,0.0,548451.0,0.0,0.0,0.0,0.0,0.0,1.0,0.0
4,15,0.2,1,0.9946,0.0,5.2,0.0,146959.50829278197,0.0,0.8,0.0,1.0,0.0,0.9118082398416141,0.0,64130.4287109375,0.0,13172.097984313965,0.0,5.300331115722656,0.0,13166.797653198242,0.0,77302.52669525146,0.0,82.96032672225306,0.0,555.0,0.0,551564.0,0.0,5725741.0,0.0,1197096.0,0.0,0.968,0.0
4,13,0.3,1,0.994442831215971,0.0,6.5,0.0,247486.8149671443,0.0,0.8,0.0,1.0,0.0,0.9901593656058122,0.0,110687.876953125,0.0,18544.925998687744,0.0,9.19504165649414,0.0,18535.73095703125,0.0,129232.80295181274,0.0,85.64998547187541,0.0,551.0,0.0,547546.0,0.0,9590824.0,0.0,2206075.0,0.0,0.947,0.0
4,17,0.1,1,0.9981901408450704,0.0,3.5,0.0,59869.19706173637,0.0,0.8,0.0,1.0,0.0,0.8663900349011489,0.0,26357.53857421875,0.0,5984.729187011719,0.0,2.3624420166015625,0.0,5982.366744995117,0.0,32342.26776123047,0.0,81.49564145843301,0.0,568.0,0.0,566457.0,0.0,1187304.0,0.0,423357.0,0.0,0.987,0.0
4,19,0,1,1.0,0.0,1.1,0.0,8899.356232354437,0.0,0.8,0.0,0.9,0.0,0.7406490871481894,0.0,3079.40185546875,0.0,1643.1785583496094,0.0,0.0,0.0,1643.1785583496094,0.0,4722.580413818359,0.0,65.20591680045007,0.0,557.0,0.0,556443.0,0.0,0.0,0.0,0.0,0.0,1.0,0.0
4,17,0.2,1,0.999251356238698,0.0,5.2,0.0,152413.94790357343,0.0,0.8,0.0,1.0,0.0,0.9097993226232952,0.0,64918.212890625,0.0,15335.686737060547,0.0,5.2577972412109375,0.0,15330.428939819336,0.0,80253.89962768555,0.0,80.89103855612503,0.0,553.0,0.0,552130.0,0.0,6097186.0,0.0,1161929.0,0.0,0.968,0.0
4,19,0.1,1,0.9979924528301887,0.0,3.4000000000000004,0.0,69096.94650213548,0.0,0.8,0.0,1.0,0.0,0.8513873566328761,0.0,27304.8076171875,0.0,7517.990612030029,0.0,2.3375511169433594,0.0,7515.653060913086,0.0,34822.79822921753,0.0,78.41072230168403,0.0,530.0,0.0,528451.0,0.0,1299459.0,0.0,421366.0,0.0,0.986,0.0
4,15,0.3,1,0.9909234972677595,0.0,6.6000000000000005,0.0,268557.54461237346,0.0,0.8,0.0,1.0,0.0,0.9993530359665648,0.0,116431.05615234375,0.0,22797.934566497803,0.0,9.22689437866211,0.0,22788.70767211914,0.0,139228.99071884155,0.0,83.62558368857542,0.0,549.0,0.0,543616.0,0.0,10499688.0,0.0,2260947.0,0.0,0.957,0.0
4,21,0,1,1.0,0.0,1.1,0.0,9236.433519333694,0.0,0.8,0.0,0.9,0.0,0.7461196748412161,0.0,3162.4130859375,0.0,1862.2389526367188,0.0,0.0,0.0,1862.2389526367188,0.0,5024.652038574219,0.0,62.93795195487522,0.0,571.0,0.0,570429.0,0.0,0.0,0.0,0.0,0.0,1.0,0.0
4,19,0.2,1,0.9981961805555556,0.0,5.300000000000001,0.0,150096.26724038893,0.0,0.8,0.0,1.0,0.0,0.9100888782128274,0.0,65431.66845703125,0.0,16803.10036468506,0.0,5.188560485839844,0.0,16797.91180419922,0.0,82234.76882171631,0.0,79.56691481541837,0.0,576.0,0.0,574494.0,0.0,5884553.0,0.0,1212463.0,0.0,0.98,0.0
4,17,0.3,1,0.9945902527075813,0.0,6.5,0.0,266577.96586356324,0.0,0.8,0.0,1.0,0.0,1.0007529775850232,0.0,116124.0791015625,0.0,23857.724884033203,0.0,9.1400146484375,0.0,23848.584869384766,0.0,139981.8039855957,0.0,82.95655277703938,0.0,554.0,0.0,550614.0,0.0,9687808.0,0.0,2154126.0,0.0,0.96,0.0
4,21,0.1,1,0.9929458041958042,0.0,3.5,0.0,69771.61878310888,0.0,0.8,0.0,1.0,0.0,0.8602429129820283,0.0,29082.66796875,0.0,8674.84888458252,0.0,2.3176193237304688,0.0,8672.531265258789,0.0,37757.51685333252,0.0,77.02484271336061,0.0,572.0,0.0,567446.0,0.0,1676640.0,0.0,436332.0,0.0,0.98,0.0
6,1,0,1,0.9982604895104895,0.0,0.8,0.0,9058.939998211885,0.0,0.6000000000000001,0.0,0.7000000000000001,0.0,0.5684334531838096,0.0,4841.4287109375,0.0,86.70079040527344,0.0,0.0,0.0,86.70079040527344,0.0,4928.129501342773,0.0,98.24069577754298,0.0,572.0,0.0,570433.0,0.0,0.0,0.0,0.0,0.0,1.0,0.0
6,1,0.1,1,0.9952523719165085,0.0,3.2,0.0,9328.129955934526,0.0,0.6000000000000001,0.0,0.7000000000000001,0.0,0.6374724471510115,0.0,4571.89453125,0.0,89.54612731933594,0.0,3.8028717041015625,0.0,85.74325561523438,0.0,4661.440658569336,0.0,98.07900316923012,0.0,527.0,0.0,523993.0,0.0,0.0,0.0,13288.0,0.0,0.99,0.0
6,1,0.2,1,0.9908807829181495,0.0,4.800000000000001,0.0,11140.792399179669,0.0,0.6000000000000001,0.0,0.7000000000000001,0.0,0.7249688601465597,0.0,5812.640625,0.0,98.52117919921875,0.0,8.23211669921875,0.0,90.2890625,0.0,5911.161804199219,0.0,98.3333026152451,0.0,562.0,0.0,556361.0,0.0,0.0,0.0,38608.0,0.0,0.975,0.0
6,3,0,1,1.0,0.0,0.8,0.0,9443.801694933367,0.0,0.6000000000000001,0.0,0.7000000000000001,0.0,0.5632365461546956,0.0,4799.05224609375,0.0,257.4330596923828,0.0,0.0,0.0,257.4330596923828,0.0,5056.485305786133,0.0,94.90885379617731,0.0,562.0,0.0,561438.0,0.0,0.0,0.0,0.0,0.0,1.0,0.0
4,21,0.2,1,0.998203237410072,0.0,5.1000000000000005,0.0,166505.5500523849,0.0,0.8,0.0,1.0,0.0,0.8952074568703577,0.0,68896.388671875,0.0,19161.59308242798,0.0,5.306339263916016,0.0,19156.286743164062,0.0,88057.98175430298,0.0,78.23979984472942,0.0,556.0,0.0,554549.0,0.0,6274749.0,0.0,1233918.0,0.0,0.975,0.0
6,1,0.3,1,0.9916839186691312,0.0,7.7,0.0,74888.88648136437,0.0,0.6000000000000001,0.0,0.8,0.0,0.9278781638397527,0.0,37987.48828125,0.0,300.34910583496094,0.0,13.825225830078125,0.0,286.5238800048828,0.0,38287.83738708496,0.0,99.21554956787328,0.0,541.0,0.0,536097.0,0.0,338.0,0.0,534439.0,0.0,0.97,0.0
4,19,0.3,1,0.994985,0.0,6.5,0.0,267846.6365586928,0.0,0.8,0.0,1.0,0.0,0.9873517342648903,0.0,123708.32958984375,0.0,28677.058681488037,0.0,9.18264389038086,0.0,28667.876037597656,0.0,152385.3882713318,0.0,81.18122806471003,0.0,600.0,0.0,596564.0,0.0,11855526.0,0.0,2591954.0,0.0,0.946,0.0
6,3,0.1,1,0.9948512544802868,0.0,3.0,0.0,10157.340264554843,0.0,0.6000000000000001,0.0,0.7000000000000001,0.0,0.6452209912872887,0.0,5108.4375,0.0,263.78125381469727,0.0,3.849506378173828,0.0,259.93174743652344,0.0,5372.218753814697,0.0,95.08990110227005,0.0,558.0,0.0,554592.0,0.0,0.0,0.0,20912.0,0.0,0.982,0.0
6,3,0.2,1,0.9970216606498195,0.0,4.9,0.0,45538.975726607234,0.0,0.6000000000000001,0.0,0.7000000000000001,0.0,0.7553103935638182,0.0,23268.18896484375,0.0,699.6015663146973,0.0,8.26272964477539,0.0,691.3388366699219,0.0,23967.790531158447,0.0,97.08107609917064,0.0,554.0,0.0,551880.0,0.0,7105.0,0.0,278863.0,0.0,0.968,0.0
6,5,0,1,1.0,0.0,0.8,0.0,9683.806794405025,0.0,0.6000000000000001,0.0,0.7000000000000001,0.0,0.5715325945414441,0.0,4774.6083984375,0.0,438.06048583984375,0.0,0.0,0.0,438.06048583984375,0.0,5212.668884277344,0.0,91.5962341832005,0.0,565.0,0.0,564435.0,0.0,0.0,0.0,0.0,0.0,1.0,0.0
6,5,0.1,1,0.9971423290203327,0.0,3.1,0.0,11848.8212829833,0.0,0.6000000000000001,0.0,0.7000000000000001,0.0,0.6441564754975907,0.0,5625.2900390625,0.0,464.7660789489746,0.0,3.881359100341797,0.0,460.8847198486328,0.0,6090.056118011475,0.0,92.3684434109824,0.0,541.0,0.0,538947.0,0.0,0.0,0.0,30522.0,0.0,0.986,0.0
4,21,0.3,1,0.9982565445026178,0.0,6.300000000000001,0.0,279662.1251224633,0.0,0.8,0.0,1.0,0.0,0.9784480405878236,0.0,122832.07763671875,0.0,29617.40692138672,0.0,9.111785888671875,0.0,29608.295135498047,0.0,152449.48455810547,0.0,80.57231416213928,0.0,573.0,0.0,571600.0,0.0,10046423.0,0.0,2367624.0,0.0,0.94,0.0
6,7,0,1,1.0,0.0,0.8,0.0,10068.470694521237,0.0,0.6000000000000001,0.0,0.7000000000000001,0.0,0.5671154909422058,0.0,4710.234375,0.0,603.9773101806641,0.0,0.0,0.0,603.9773101806641,0.0,5314.211685180664,0.0,88.63467723980719,0.0,554.0,0.0,553446.0,0.0,0.0,0.0,0.0,0.0,1.0,0.0
6,7,0.1,1,0.9972125,0.0,3.1,0.0,16621.721216683694,0.0,0.6000000000000001,0.0,0.7000000000000001,0.0,0.6452056783352154,0.0,8061.83056640625,0.0,781.9961891174316,0.0,3.8041114807128906,0.0,778.1920776367188,0.0,8843.826755523682,0.0,91.15771700718796,0.0,560.0,0.0,557910.0,0.0,0.0,0.0,61970.0,0.0,0.983,0.0
6,5,0.2,1,0.9998477064220184,0.0,5.1000000000000005,0.0,115771.14921455873,0.0,0.6000000000000001,0.0,0.7000000000000001,0.0,0.7634908011629636,0.0,57545.619140625,0.0,2568.3195571899414,0.0,8.254432678222656,0.0,2560.0651245117188,0.0,60113.93869781494,0.0,95.72758063633037,0.0,545.0,0.0,544471.0,0.0,4608305.0,0.0,931689.0,0.0,0.975,0.0
6,3,0.3,1,0.9911225577264654,0.0,6.9,0.0,205581.96261484467,0.0,0.6000000000000001,0.0,0.8,0.0,0.8600649927098408,0.0,107200.9599609375,0.0,2121.3094177246094,0.0,13.821792602539062,0.0,2107.4876251220703,0.0,109322.26937866211,0.0,98.05958161152238,0.0,563.0,0.0,557601.0,0.0,4397430.0,0.0,1699355.0,0.0,0.944,0.0
6,9,0,1,1.0,0.0,0.8,0.0,10369.846905520086,0.0,0.6000000000000001,0.0,0.7000000000000001,0.0,0.5699127191134296,0.0,4775.2822265625,0.0,786.9141082763672,0.0,0.0,0.0,786.9141082763672,0.0,5562.196334838867,0.0,85.85245717869535,0.0,563.0,0.0,562437.0,0.0,0.0,0.0,0.0,0.0,1.0,0.0
6,9,0.1,1,0.9976036697247707,0.0,3.2,0.0,19083.747151067957,0.0,0.6000000000000001,0.0,0.7000000000000001,0.0,0.6558790175004511,0.0,8840.78173828125,0.0,1045.0293807983398,0.0,3.7664413452148438,0.0,1041.262939453125,0.0,9885.81111907959,0.0,89.42899709279864,0.0,545.0,0.0,543186.0,0.0,0.0,0.0,83366.0,0.0,0.982,0.0
6,5,0.3,1,0.9915163511187608,0.0,6.6000000000000005,0.0,219736.52083369525,0.0,0.6000000000000001,0.0,0.8,0.0,0.8434715992592773,0.0,115394.6806640625,0.0,5237.688533782959,0.0,13.922405242919922,0.0,5223.766128540039,0.0,120632.36919784546,0.0,95.65814004266733,0.0,581.0,0.0,575654.0,0.0,14842724.0,0.0,2042886.0,0.0,0.95,0.0
6,7,0.2,1,0.9948119658119658,0.0,5.0,0.0,124489.544251988,0.0,0.6000000000000001,0.0,0.7000000000000001,0.0,0.7460073122747158,0.0,65024.724609375,0.0,4010.973430633545,0.0,8.27322006225586,0.0,4002.700210571289,0.0,69035.69804000854,0.0,94.19000090603987,0.0,585.0,0.0,581488.0,0.0,6989605.0,0.0,1058857.0,0.0,0.976,0.0
6,11,0,1,1.0,0.0,0.8,0.0,10700.770499251512,0.0,0.6000000000000001,0.0,0.7000000000000001,0.0,0.5708319531104342,0.0,4681.56884765625,0.0,956.1804046630859,0.0,0.0,0.0,956.1804046630859,0.0,5637.749252319336,0.0,83.0396783916965,0.0,553.0,0.0,552447.0,0.0,0.0,0.0,0.0,0.0,1.0,0.0
6,9,0.2,1,0.9981617647058824,0.0,5.0,0.0,149824.37690236274,0.0,0.6000000000000001,0.0,0.7000000000000001,0.0,0.7366669185640375,0.0,70364.25,0.0,7157.1369705200195,0.0,8.277702331542969,0.0,7148.859268188477,0.0,77521.38697052002,0.0,90.76753235434016,0.0,544.0,0.0,542549.0,0.0,13423355.0,0.0,1324650.0,0.0,0.975,0.0
6,11,0.1,1,0.9996077348066298,0.0,3.1,0.0,34271.33436723765,0.0,0.6000000000000001,0.0,0.7000000000000001,0.0,0.6763126497148158,0.0,15577.4912109375,0.0,2146.253631591797,0.0,3.8288116455078125,0.0,2142.424819946289,0.0,17723.744842529297,0.0,87.89051833762738,0.0,543.0,0.0,542281.0,0.0,837.0,0.0,194607.0,0.0,0.984,0.0
6,7,0.3,1,0.9947328646748682,0.0,6.5,0.0,234675.20066903232,0.0,0.6000000000000001,0.0,0.8,0.0,0.8236694937879359,0.0,117927.474609375,0.0,8654.338031768799,0.0,13.953113555908203,0.0,8640.38491821289,0.0,126581.8126411438,0.0,93.16304779399579,0.0,569.0,0.0,565593.0,0.0,21795333.0,0.0,2397859.0,0.0,0.963,0.0
6,13,0,1,1.0,0.0,0.8,0.0,11094.867620387915,0.0,0.6000000000000001,0.0,0.7000000000000001,0.0,0.5673601645926369,0.0,4597.7373046875,0.0,1131.3703918457031,0.0,0.0,0.0,1131.3703918457031,0.0,5729.107696533203,0.0,80.25224080653402,0.0,542.0,0.0,541458.0,0.0,0.0,0.0,0.0,0.0,1.0,0.0
6,13,0.1,1,0.9963676975945017,0.0,3.2,0.0,36904.98063197648,0.0,0.6000000000000001,0.0,0.7000000000000001,0.0,0.6657149218875409,0.0,17853.1552734375,0.0,2537.506790161133,0.0,3.73687744140625,0.0,2533.7699127197266,0.0,20390.662063598633,0.0,87.55554487516575,0.0,582.0,0.0,579357.0,0.0,18159.0,0.0,212740.0,0.0,0.988,0.0
6,11,0.2,1,0.9945670289855072,0.0,4.9,0.0,151807.49439603311,0.0,0.6000000000000001,0.0,0.7000000000000001,0.0,0.729061144128049,0.0,71010.791015625,0.0,8404.03726196289,0.0,8.320236206054688,0.0,8395.717025756836,0.0,79414.82827758789,0.0,89.41754651588835,0.0,552.0,0.0,548540.0,0.0,14161540.0,0.0,1296647.0,0.0,0.973,0.0
6,9,0.3,1,0.9981836363636364,0.0,6.5,0.0,252658.8093368476,0.0,0.6000000000000001,0.0,0.8,0.0,0.8202828176777454,0.0,119885.90771484375,0.0,12306.876876831055,0.0,13.809967041015625,0.0,12293.066909790039,0.0,132192.7845916748,0.0,90.69020528250064,0.0,550.0,0.0,548622.0,0.0,25891927.0,0.0,2564888.0,0.0,0.95,0.0
6,15,0,1,1.0,0.0,0.8,0.0,11397.491691328352,0.0,0.6000000000000001,0.0,0.7000000000000001,0.0,0.5676807478985337,0.0,4704.4658203125,0.0,1278.6368865966797,0.0,0.0,0.0,1278.6368865966797,0.0,5983.10270690918,0.0,78.62920044611414,0.0,551.0,0.0,550449.0,0.0,0.0,0.0,0.0,0.0,1.0,0.0
6,13,0.2,1,0.9947125220458554,0.0,4.9,0.0,152670.26057330242,0.0,0.6000000000000001,0.0,0.7000000000000001,0.0,0.7302419340528301,0.0,71833.1279296875,0.0,10217.294723510742,0.0,8.37860107421875,0.0,10208.916122436523,0.0,82050.42265319824,0.0,87.5475416297414,0.0,567.0,0.0,563542.0,0.0,15625695.0,0.0,1498208.0,0.0,0.975,0.0
6,15,0.1,1,0.9998976234003656,0.0,3.3000000000000003,0.0,55731.92111908997,0.0,0.6000000000000001,0.0,0.7000000000000001,0.0,0.6652357789636267,0.0,25215.61669921875,0.0,3827.937515258789,0.0,3.8722991943359375,0.0,3824.065216064453,0.0,29043.55421447754,0.0,86.82001008901779,0.0,547.0,0.0,546444.0,0.0,360733.0,0.0,328056.0,0.0,0.989,0.0
6,11,0.3,1,0.9926402877697842,0.0,6.300000000000001,0.0,264540.74247223604,0.0,0.6000000000000001,0.0,0.8,0.0,0.8168133810797334,0.0,123852.65478515625,0.0,15289.222381591797,0.0,14.007568359375,0.0,15275.214813232422,0.0,139141.87716674805,0.0,89.01177510831685,0.0,556.0,0.0,551525.0,0.0,28705197.0,0.0,2758282.0,0.0,0.957,0.0
6,17,0,1,1.0,0.0,0.8,0.0,11679.59079647023,0.0,0.6000000000000001,0.0,0.7000000000000001,0.0,0.5705986127971944,0.0,4786.92626953125,0.0,1488.9201354980469,0.0,0.0,0.0,1488.9201354980469,0.0,6275.846405029297,0.0,76.2753891761139,0.0,564.0,0.0,563436.0,0.0,0.0,0.0,0.0,0.0,1.0,0.0
6,15,0.2,1,0.9982103386809269,0.0,5.0,0.0,161362.85028818573,0.0,0.6000000000000001,0.0,0.7000000000000001,0.0,0.7318655669439803,0.0,73140.216796875,0.0,12965.28479385376,0.0,8.259296417236328,0.0,12957.025497436523,0.0,86105.50159072876,0.0,84.94255935529006,0.0,561.0,0.0,559535.0,0.0,17368343.0,0.0,1418164.0,0.0,0.971,0.0
6,17,0.1,1,0.999965250965251,0.0,3.3000000000000003,0.0,65481.75570035091,0.0,0.6000000000000001,0.0,0.7000000000000001,0.0,0.6644512591012381,0.0,27337.0341796875,0.0,4980.694202423096,0.0,3.8308143615722656,0.0,4976.863388061523,0.0,32317.728382110596,0.0,84.58835304408294,0.0,518.0,0.0,517512.0,0.0,1692025.0,0.0,392256.0,0.0,0.992,0.0
6,13,0.3,1,0.9982234042553192,0.0,6.300000000000001,0.0,268059.26359291206,0.0,0.6000000000000001,0.0,0.8,0.0,0.8205307230296965,0.0,125527.4970703125,0.0,18293.96094894409,0.0,13.953685760498047,0.0,18280.007263183594,0.0,143821.4580192566,0.0,87.28008935461169,0.0,564.0,0.0,562591.0,0.0,30334327.0,0.0,2902484.0,0.0,0.948,0.0
6,19,0,1,1.0,0.0,0.8,0.0,12090.600702397312,0.0,0.6000000000000001,0.0,0.7000000000000001,0.0,0.5680965334449326,0.0,4493.5576171875,0.0,1623.0127258300781,0.0,0.0,0.0,1623.0127258300781,0.0,6116.570343017578,0.0,73.46531414156232,0.0,531.0,0.0,530469.0,0.0,0.0,0.0,0.0,0.0,1.0,0.0
6,17,0.2,1,0.994430426716141,0.0,5.0,0.0,175256.9422396827,0.0,0.6000000000000001,0.0,0.7000000000000001,0.0,0.7307445692156591,0.0,74301.228515625,0.0,15210.888366699219,0.0,8.254623413085938,0.0,15202.633743286133,0.0,89512.11688232422,0.0,83.00689460098906,0.0,539.0,0.0,535558.0,0.0,18496971.0,0.0,1501616.0,0.0,0.978,0.0
6,15,0.3,1,0.9981872791519435,0.0,6.300000000000001,0.0,276746.0155444085,0.0,0.6000000000000001,0.0,0.8,0.0,0.810402673864989,0.0,127647.08349609375,0.0,21358.957527160645,0.0,13.983345031738281,0.0,21344.974182128906,0.0,149006.0410232544,0.0,85.66571034269188,0.0,566.0,0.0,564576.0,0.0,31006000.0,0.0,2843560.0,0.0,0.957,0.0
6,19,0.1,1,0.9962998171846436,0.0,3.3000000000000003,0.0,80867.98734195814,0.0,0.6000000000000001,0.0,0.7000000000000001,0.0,0.6584585913796017,0.0,34621.82373046875,0.0,7369.103275299072,0.0,3.841876983642578,0.0,7365.26139831543,0.0,41990.92700576782,0.0,82.45072495235254,0.0,547.0,0.0,544476.0,0.0,5850666.0,0.0,615436.0,0.0,0.982,0.0
6,21,0,1,1.0,0.0,0.8,0.0,12250.26533948053,0.0,0.6000000000000001,0.0,0.7000000000000001,0.0,0.5717513173209376,0.0,4660.2802734375,0.0,1793.8273315429688,0.0,0.0,0.0,1793.8273315429688,0.0,6454.107604980469,0.0,72.20642354709553,0.0,553.0,0.0,552447.0,0.0,0.0,0.0,0.0,0.0,1.0,0.0
6,19,0.2,1,0.9964788732394366,0.0,5.0,0.0,174974.20979574948,0.0,0.6000000000000001,0.0,0.7000000000000001,0.0,0.7175357319050591,0.0,76721.64990234375,0.0,17647.608825683594,0.0,8.353805541992188,0.0,17639.2550201416,0.0,94369.25872802734,0.0,81.2994092954104,0.0,568.0,0.0,565531.0,0.0,19931523.0,0.0,1658854.0,0.0,0.974,0.0
6,17,0.3,1,0.9855054347826087,0.0,6.300000000000001,0.0,297529.28310133534,0.0,0.6000000000000001,0.0,0.8,0.0,0.8069842221735763,0.0,130466.748046875,0.0,23780.71815109253,0.0,14.01662826538086,0.0,23766.70152282715,0.0,154247.46619796753,0.0,84.5827495664847,0.0,552.0,0.0,543611.0,0.0,31564555.0,0.0,3016781.0,0.0,0.952,0.0
6,21,0.1,1,0.9999585585585585,0.0,3.2,0.0,77808.32986463042,0.0,0.6000000000000001,0.0,0.7000000000000001,0.0,0.6630785129183635,0.0,33345.86279296875,0.0,7798.811851501465,0.0,3.8026809692382812,0.0,7795.009170532227,0.0,41144.674644470215,0.0,81.04539185474003,0.0,555.0,0.0,554482.0,0.0,4860121.0,0.0,568791.0,0.0,0.981,0.0
8,1,0,1,1.0,0.0,0.7000000000000001,0.0,12143.118090567632,0.0,0.5,0.0,0.6000000000000001,0.0,0.4937598148607323,0.0,6220.0751953125,0.0,85.02940368652344,0.0,0.0,0.0,85.02940368652344,0.0,6305.104598999023,0.0,98.65141961800249,0.0,545.0,0.0,544455.0,0.0,0.0,0.0,0.0,0.0,1.0,0.0
8,1,0.1,1,0.9956060606060606,0.0,3.2,0.0,12501.197295296877,0.0,0.5,0.0,0.6000000000000001,0.0,0.5528952975944056,0.0,6561.3017578125,0.0,91.10644149780273,0.0,5.314540863037109,0.0,85.79190063476562,0.0,6652.408199310303,0.0,98.6304742768604,0.0,561.0,0.0,557991.0,0.0,0.0,0.0,18339.0,0.0,0.984,0.0
8,1,0.2,1,0.993478108581436,0.0,4.800000000000001,0.0,15060.3549791799,0.0,0.5,0.0,0.6000000000000001,0.0,0.6377621921095349,0.0,8040.7734375,0.0,99.41553115844727,0.0,11.096668243408203,0.0,88.31886291503906,0.0,8140.188968658447,0.0,98.77870733049049,0.0,571.0,0.0,566760.0,0.0,0.0,0.0,52864.0,0.0,0.976,0.0
8,3,0,1,1.0,0.0,0.7000000000000001,0.0,12432.24258126219,0.0,0.5,0.0,0.6000000000000001,0.0,0.49211100583649603,0.0,6381.85400390625,0.0,262.884765625,0.0,0.0,0.0,262.884765625,0.0,6644.73876953125,0.0,96.04371556590861,0.0,561.0,0.0,560439.0,0.0,0.0,0.0,0.0,0.0,1.0,0.0
6,21,0.2,1,0.9965191637630662,0.0,5.0,0.0,171684.15137151565,0.0,0.6000000000000001,0.0,0.7000000000000001,0.0,0.7285980742614883,0.0,75484.6875,0.0,18090.88344192505,0.0,8.282947540283203,0.0,18082.600494384766,0.0,93575.57094192505,0.0,80.66708729658446,0.0,574.0,0.0,571521.0,0.0,18382810.0,0.0,1647591.0,0.0,0.972,0.0
8,3,0.1,1,0.9981747747747748,0.0,2.9000000000000004,0.0,13788.373825561563,0.0,0.5,0.0,0.6000000000000001,0.0,0.5537569382209244,0.0,7008.0439453125,0.0,269.69102478027344,0.0,5.3131103515625,0.0,264.37791442871094,0.0,7277.734970092773,0.0,96.29430000008868,0.0,555.0,0.0,553456.0,0.0,0.0,0.0,27090.0,0.0,0.985,0.0
6,19,0.3,1,0.998229020979021,0.0,6.300000000000001,0.0,296755.7205844467,0.0,0.6000000000000001,0.0,0.8,0.0,0.8104603823053641,0.0,133526.560546875,0.0,27955.433475494385,0.0,13.78488540649414,0.0,27941.64859008789,0.0,161481.99402236938,0.0,82.68820394203094,0.0,572.0,0.0,570591.0,0.0,33726576.0,0.0,2954723.0,0.0,0.956,0.0
8,1,0.3,1,0.9880689045936396,0.0,7.800000000000001,0.0,130372.2304107883,0.0,0.5,0.0,0.6000000000000001,0.0,0.8172412620699036,0.0,69108.7939453125,0.0,371.77091217041016,0.0,18.322181701660156,0.0,353.44873046875,0.0,69480.56485748291,0.0,99.46492819548463,0.0,566.0,0.0,558828.0,0.0,58217.0,0.0,991176.0,0.0,0.943,0.0
8,3,0.2,1,0.9989373881932021,0.0,4.9,0.0,51871.79953004773,0.0,0.5,0.0,0.6000000000000001,0.0,0.6733785123196679,0.0,27016.63330078125,0.0,583.4464645385742,0.0,11.208534240722656,0.0,572.2379302978516,0.0,27600.079765319824,0.0,97.88606964364035,0.0,559.0,0.0,557929.0,0.0,6999.0,0.0,317609.0,0.0,0.975,0.0
8,5,0,1,1.0,0.0,0.7000000000000001,0.0,12801.326443560678,0.0,0.5,0.0,0.6000000000000001,0.0,0.49049463878292704,0.0,6334.30224609375,0.0,434.5265655517578,0.0,0.0,0.0,434.5265655517578,0.0,6768.828811645508,0.0,93.58047636240747,0.0,555.0,0.0,554445.0,0.0,0.0,0.0,0.0,0.0,1.0,0.0
8,5,0.1,1,0.9988713235294118,0.0,3.0,0.0,16054.01103388822,0.0,0.5,0.0,0.6000000000000001,0.0,0.5706391734346707,0.0,7841.73486328125,0.0,469.8125419616699,0.0,5.389690399169922,0.0,464.4228515625,0.0,8311.54740524292,0.0,94.34747202830953,0.0,544.0,0.0,542873.0,0.0,0.0,0.0,40555.0,0.0,0.991,0.0
8,7,0,1,1.0,0.0,0.7000000000000001,0.0,13121.924432540649,0.0,0.5,0.0,0.6000000000000001,0.0,0.49405369333297267,0.0,6319.4150390625,0.0,618.9331512451172,0.0,0.0,0.0,618.9331512451172,0.0,6938.348190307617,0.0,91.07953169444966,0.0,555.0,0.0,554445.0,0.0,0.0,0.0,0.0,0.0,1.0,0.0
8,7,0.1,1,0.9972689530685921,0.0,3.0,0.0,21484.44033552548,0.0,0.5,0.0,0.6000000000000001,0.0,0.5815922966827908,0.0,10528.52197265625,0.0,780.879093170166,0.0,5.292224884033203,0.0,775.5868682861328,0.0,11309.401065826416,0.0,93.0953099229123,0.0,554.0,0.0,551970.0,0.0,0.0,0.0,82516.0,0.0,0.986,0.0
6,21,0.3,1,0.9923815789473684,0.0,6.4,0.0,337094.69367361173,0.0,0.6000000000000001,0.0,0.8,0.0,0.8265918327116125,0.0,137695.6494140625,0.0,31906.14707183838,0.0,13.866615295410156,0.0,31892.28045654297,0.0,169601.79648590088,0.0,81.18761255309536,0.0,532.0,0.0,527568.0,0.0,34182968.0,0.0,3170954.0,0.0,0.949,0.0
8,5,0.2,1,0.9979375,0.0,4.9,0.0,151388.16227626268,0.0,0.5,0.0,0.6000000000000001,0.0,0.6725593759966669,0.0,76259.4990234375,0.0,2054.266529083252,0.0,11.211872100830078,0.0,2043.0546569824219,0.0,78313.76555252075,0.0,97.37687683054193,0.0,544.0,0.0,542433.0,0.0,4492626.0,0.0,1064303.0,0.0,0.972,0.0
8,9,0,1,1.0,0.0,0.7000000000000001,0.0,13403.078423878424,0.0,0.5,0.0,0.6000000000000001,0.0,0.49085503685503684,0.0,6252.74267578125,0.0,770.4215393066406,0.0,0.0,0.0,770.4215393066406,0.0,7023.164215087891,0.0,89.03027872178268,0.0,550.0,0.0,549450.0,0.0,0.0,0.0,0.0,0.0,1.0,0.0
8,3,0.3,1,0.9945873873873874,0.0,6.6000000000000005,0.0,276391.9380137272,0.0,0.5,0.0,0.6000000000000001,0.0,0.7652043306272955,0.0,143299.83837890625,0.0,2096.824676513672,0.0,18.407440185546875,0.0,2078.417236328125,0.0,145396.66305541992,0.0,98.55785914721135,0.0,555.0,0.0,551606.0,0.0,8679467.0,0.0,2238668.0,0.0,0.944,0.0
8,9,0.1,1,0.9960505226480836,0.0,3.1,0.0,41872.42455585045,0.0,0.5,0.0,0.6000000000000001,0.0,0.5851986330627936,0.0,21213.638671875,0.0,1596.0540885925293,0.0,5.381679534912109,0.0,1590.6724090576172,0.0,22809.69276046753,0.0,93.00273745309397,0.0,574.0,0.0,571204.0,0.0,251702.0,0.0,215839.0,0.0,0.992,0.0
8,7,0.2,1,0.9960807692307693,0.0,4.800000000000001,0.0,177042.7302985862,0.0,0.5,0.0,0.6000000000000001,0.0,0.6668954416961814,0.0,83871.7529296875,0.0,3510.103603363037,0.0,11.197185516357422,0.0,3498.9064178466797,0.0,87381.85653305054,0.0,95.98302926645258,0.0,520.0,0.0,517539.0,0.0,10499448.0,0.0,1391019.0,0.0,0.968,0.0
8,5,0.3,1,0.9929023090586145,0.0,6.5,0.0,277653.1996935228,0.0,0.5,0.0,0.7000000000000001,0.0,0.7517275145630373,0.0,143523.4482421875,0.0,4390.239719390869,0.0,18.281269073486328,0.0,4371.958450317383,0.0,147913.68796157837,0.0,97.03189084127814,0.0,563.0,0.0,558606.0,0.0,20691102.0,0.0,2706048.0,0.0,0.957,0.0
8,11,0,1,1.0,0.0,0.7000000000000001,0.0,13727.342830374859,0.0,0.5,0.0,0.6000000000000001,0.0,0.49263997093178585,0.0,6379.3037109375,0.0,970.7137451171875,0.0,0.0,0.0,970.7137451171875,0.0,7350.0174560546875,0.0,86.79304163668962,0.0,562.0,0.0,561438.0,0.0,0.0,0.0,0.0,0.0,1.0,0.0
8,11,0.1,1,0.9978664259927797,0.0,3.0,0.0,39406.9217980775,0.0,0.5,0.0,0.6000000000000001,0.0,0.5685932127589847,0.0,18860.6015625,0.0,1895.6262321472168,0.0,5.280971527099609,0.0,1890.3452606201172,0.0,20756.227794647217,0.0,90.86719296539964,0.0,554.0,0.0,552301.0,0.0,16574.0,0.0,197683.0,0.0,0.984,0.0
8,7,0.3,1,0.9965087108013937,0.0,6.4,0.0,268362.097215856,0.0,0.5,0.0,0.7000000000000001,0.0,0.7455186723443563,0.0,138239.3349609375,0.0,8048.740100860596,0.0,18.34573745727539,0.0,8030.39436340332,0.0,146288.0750617981,0.0,94.49802036327262,0.0,574.0,0.0,571594.0,0.0,34379421.0,0.0,2940820.0,0.0,0.947,0.0
8,9,0.2,1,0.9981132075471698,0.0,5.0,0.0,177927.29189984826,0.0,0.5,0.0,0.6000000000000001,0.0,0.6682243008335887,0.0,82935.30029296875,0.0,6752.899276733398,0.0,11.20452880859375,0.0,6741.694747924805,0.0,89688.19956970215,0.0,92.47069368196503,0.0,530.0,0.0,528558.0,0.0,22513357.0,0.0,1631295.0,0.0,0.98,0.0
8,13,0,1,1.0,0.0,0.7000000000000001,0.0,14151.059306579307,0.0,0.5,0.0,0.6000000000000001,0.0,0.49122067522067525,0.0,6302.08447265625,0.0,1113.0189971923828,0.0,0.0,0.0,1113.0189971923828,0.0,7415.103469848633,0.0,84.98983862169757,0.0,550.0,0.0,549450.0,0.0,0.0,0.0,0.0,0.0,1.0,0.0
8,11,0.2,1,0.9963510054844607,0.0,4.9,0.0,171739.92889633225,0.0,0.5,0.0,0.6000000000000001,0.0,0.6436141671119827,0.0,81234.1787109375,0.0,7955.522808074951,0.0,11.159801483154297,0.0,7944.363006591797,0.0,89189.70151901245,0.0,91.08022263492037,0.0,547.0,0.0,544557.0,0.0,22602684.0,0.0,1743647.0,0.0,0.964,0.0
8,9,0.3,1,0.9947787456445993,0.0,6.300000000000001,0.0,273211.8290869707,0.0,0.5,0.0,0.6000000000000001,0.0,0.7253947557509034,0.0,137200.9423828125,0.0,11473.363483428955,0.0,18.259906768798828,0.0,11455.103576660156,0.0,148674.30586624146,0.0,92.28288747233078,0.0,574.0,0.0,570606.0,0.0,44141345.0,0.0,3066324.0,0.0,0.947,0.0
8,13,0.1,1,0.9998055077452668,0.0,3.2,0.0,65243.07098192671,0.0,0.5,0.0,0.6000000000000001,0.0,0.59021312670261,0.0,32756.56640625,0.0,3353.7426528930664,0.0,5.392265319824219,0.0,3348.350387573242,0.0,36110.30905914307,0.0,90.71250637207187,0.0,581.0,0.0,580359.0,0.0,3067467.0,0.0,498417.0,0.0,0.984,0.0
8,15,0,1,1.0,0.0,0.7000000000000001,0.0,14364.664166869572,0.0,0.5,0.0,0.6000000000000001,0.0,0.4956226496767037,0.0,6301.47216796875,0.0,1293.9870300292969,0.0,0.0,0.0,1293.9870300292969,0.0,7595.459197998047,0.0,82.963676108347,0.0,555.0,0.0,554445.0,0.0,0.0,0.0,0.0,0.0,1.0,0.0
8,13,0.2,1,0.9965432525951557,0.0,4.9,0.0,167039.3709658923,0.0,0.5,0.0,0.6000000000000001,0.0,0.6572258613799454,0.0,81293.1181640625,0.0,10389.477252960205,0.0,11.238956451416016,0.0,10378.238296508789,0.0,91682.5954170227,0.0,88.66799395708294,0.0,578.0,0.0,575530.0,0.0,27087694.0,0.0,1772257.0,0.0,0.974,0.0
8,15,0.1,1,0.9980960854092527,0.0,3.1,0.0,59076.69719139217,0.0,0.5,0.0,0.6000000000000001,0.0,0.5734333178687413,0.0,28030.18505859375,0.0,3543.837844848633,0.0,5.3371429443359375,0.0,3538.500701904297,0.0,31574.022903442383,0.0,88.77609655353021,0.0,562.0,0.0,560420.0,0.0,1632090.0,0.0,336019.0,0.0,0.976,0.0
8,11,0.3,1,0.9982805507745267,0.0,6.300000000000001,0.0,273123.9171558022,0.0,0.5,0.0,0.7000000000000001,0.0,0.73161678692326,0.0,136906.107421875,0.0,14061.474937438965,0.0,18.32256317138672,0.0,14043.152374267578,0.0,150967.58235931396,0.0,90.68576530293,0.0,581.0,0.0,579594.0,0.0,47420522.0,0.0,3147106.0,0.0,0.946,0.0
8,17,0,1,1.0,0.0,0.7000000000000001,0.0,14658.928280798784,0.0,0.5,0.0,0.6000000000000001,0.0,0.49385644637443193,0.0,6324.74560546875,0.0,1440.2745361328125,0.0,0.0,0.0,1440.2745361328125,0.0,7765.0201416015625,0.0,81.45176046078161,0.0,556.0,0.0,555444.0,0.0,0.0,0.0,0.0,0.0,1.0,0.0
8,15,0.2,1,0.998165170556553,0.0,4.9,0.0,177124.45275383609,0.0,0.5,0.0,0.6000000000000001,0.0,0.6406373533795607,0.0,80912.244140625,0.0,12924.986061096191,0.0,11.195564270019531,0.0,12913.790496826172,0.0,93837.23020172119,0.0,86.22616414262075,0.0,557.0,0.0,555516.0,0.0,30130093.0,0.0,1748145.0,0.0,0.969,0.0
8,17,0.1,1,0.9998285198555956,0.0,3.2,0.0,72798.23975597945,0.0,0.5,0.0,0.6000000000000001,0.0,0.5747609306897773,0.0,33550.5791015625,0.0,4869.387298583984,0.0,5.4409027099609375,0.0,4863.946395874023,0.0,38419.966400146484,0.0,87.32589391706126,0.0,554.0,0.0,553396.0,0.0,4129852.0,0.0,490801.0,0.0,0.99,0.0
8,13,0.3,1,0.9963738819320215,0.0,6.4,0.0,290884.0420632026,0.0,0.5,0.0,0.7000000000000001,0.0,0.7374179604053964,0.0,135889.400390625,0.0,18513.75193786621,0.0,18.280029296875,0.0,18495.471908569336,0.0,154403.1523284912,0.0,88.00947282573715,0.0,559.0,0.0,556591.0,0.0,53211658.0,0.0,3213039.0,0.0,0.964,0.0
8,19,0,1,1.0,0.0,0.7000000000000001,0.0,15151.076137956137,0.0,0.5,0.0,0.6000000000000001,0.0,0.4914068614068614,0.0,6286.98779296875,0.0,1652.120849609375,0.0,0.0,0.0,1652.120849609375,0.0,7939.108642578125,0.0,79.1900964706679,0.0,550.0,0.0,549450.0,0.0,0.0,0.0,0.0,0.0,1.0,0.0
8,17,0.2,1,0.9947417102966841,0.0,4.9,0.0,176979.1985250867,0.0,0.5,0.0,0.6000000000000001,0.0,0.6495756990474518,0.0,81408.51123046875,0.0,14716.212242126465,0.0,11.217308044433594,0.0,14704.994934082031,0.0,96124.72347259521,0.0,84.69050239055096,0.0,573.0,0.0,569525.0,0.0,31396950.0,0.0,1893544.0,0.0,0.974,0.0
8,19,0.1,1,0.9999785330948122,0.0,3.1,0.0,88893.65473476879,0.0,0.5,0.0,0.6000000000000001,0.0,0.572367787277855,0.0,40263.9375,0.0,7081.113147735596,0.0,5.390262603759766,0.0,7075.722885131836,0.0,47345.050647735596,0.0,85.04360423981451,0.0,559.0,0.0,558475.0,0.0,9846032.0,0.0,708925.0,0.0,0.984,0.0
8,15,0.3,1,0.9971382978723404,0.0,6.2,0.0,298918.8929028355,0.0,0.5,0.0,0.7000000000000001,0.0,0.7366331841597196,0.0,138861.9638671875,0.0,21343.814281463623,0.0,18.428325653076172,0.0,21325.385955810547,0.0,160205.77814865112,0.0,86.67725064094805,0.0,564.0,0.0,561985.0,0.0,54396769.0,0.0,3520676.0,0.0,0.948,0.0
8,21,0,1,1.0,0.0,0.7000000000000001,0.0,15466.530664742955,0.0,0.5,0.0,0.6000000000000001,0.0,0.49364932903107955,0.0,6101.81982421875,0.0,1811.0271606445312,0.0,0.0,0.0,1811.0271606445312,0.0,7912.846984863281,0.0,77.11282470002392,0.0,537.0,0.0,536463.0,0.0,0.0,0.0,0.0,0.0,1.0,0.0
8,19,0.2,1,0.9999011194029851,0.0,4.9,0.0,196904.42716075203,0.0,0.5,0.0,0.6000000000000001,0.0,0.6467287136700106,0.0,83308.34765625,0.0,17250.787761688232,0.0,11.296749114990234,0.0,17239.491012573242,0.0,100559.13541793823,0.0,82.84513118575306,0.0,536.0,0.0,535508.0,0.0,33590024.0,0.0,1974278.0,0.0,0.961,0.0
8,17,0.3,1,0.9964139784946237,0.0,6.0,0.0,309185.33755928115,0.0,0.5,0.0,0.7000000000000001,0.0,0.7197435274425638,0.0,140072.06396484375,0.0,23757.75030517578,0.0,18.41583251953125,0.0,23739.33447265625,0.0,163829.81427001953,0.0,85.49851844059411,0.0,558.0,0.0,555615.0,0.0,56914678.0,0.0,3397087.0,0.0,0.953,0.0
8,21,0.1,1,0.9961385199240986,0.0,3.2,0.0,93862.52368023673,0.0,0.5,0.0,0.6000000000000001,0.0,0.5684290203017036,0.0,39014.3583984375,0.0,7934.806297302246,0.0,5.313301086425781,0.0,7929.49299621582,0.0,46949.164695739746,0.0,83.09915341683967,0.0,527.0,0.0,524488.0,0.0,9069282.0,0.0,695068.0,0.0,0.988,0.0
10,1,0,1,1.0,0.0,0.6000000000000001,0.0,15198.505152318681,0.0,0.5,0.0,0.5,0.0,0.44274603671313,0.0,7833.91259765625,0.0,86.60888671875,0.0,0.0,0.0,86.60888671875,0.0,7920.521484375,0.0,98.90652544924465,0.0,547.0,0.0,546453.0,0.0,0.0,0.0,0.0,0.0,1.0,0.0
10,1,0.1,1,0.9933564899451554,0.0,3.1,0.0,15853.862139857049,0.0,0.5,0.0,0.6000000000000001,0.0,0.5019152973251786,0.0,8115.7587890625,0.0,91.66778182983398,0.0,6.907939910888672,0.0,84.75984191894531,0.0,8207.426570892334,0.0,98.88311176422907,0.0,547.0,0.0,542840.0,0.0,0.0,0.0,22155.0,0.0,0.981,0.0
10,1,0.2,1,0.9943814814814815,0.0,4.9,0.0,20928.607326329602,0.0,0.5,0.0,0.6000000000000001,0.0,0.6049359151201544,0.0,10601.4375,0.0,106.12737274169922,0.0,14.165687561035156,0.0,91.96168518066406,0.0,10707.5648727417,0.0,99.00885613112774,0.0,540.0,0.0,536476.0,0.0,0.0,0.0,74652.0,0.0,0.974,0.0
10,3,0,1,1.0,0.0,0.6000000000000001,0.0,15499.779601824046,0.0,0.5,0.0,0.5,0.0,0.4433526118711304,0.0,7716.35888671875,0.0,257.79949951171875,0.0,0.0,0.0,257.79949951171875,0.0,7974.158386230469,0.0,96.76706321814626,0.0,540.0,0.0,539460.0,0.0,0.0,0.0,0.0,0.0,1.0,0.0
8,21,0.2,1,0.9962504604051565,0.0,4.9,0.0,194756.8563864329,0.0,0.5,0.0,0.6000000000000001,0.0,0.6386579046202404,0.0,81989.935546875,0.0,18402.036724090576,0.0,11.248302459716797,0.0,18390.78842163086,0.0,100391.97227096558,0.0,81.66981252801561,0.0,543.0,0.0,540513.0,0.0,33475540.0,0.0,1947347.0,0.0,0.968,0.0
10,3,0.1,1,0.9982870201096892,0.0,2.8000000000000003,0.0,17142.931280302822,0.0,0.5,0.0,0.6000000000000001,0.0,0.5035280962724665,0.0,8648.7099609375,0.0,270.1180648803711,0.0,6.880760192871094,0.0,263.2373046875,0.0,8918.828025817871,0.0,96.97137265010106,0.0,547.0,0.0,545535.0,0.0,0.0,0.0,32169.0,0.0,0.987,0.0
8,19,0.3,1,0.9962962298025134,0.0,6.2,0.0,322409.28139414947,0.0,0.5,0.0,0.7000000000000001,0.0,0.7246969593144663,0.0,142799.47998046875,0.0,27708.69239807129,0.0,18.420791625976562,0.0,27690.271606445312,0.0,170508.17237854004,0.0,83.74934643217215,0.0,557.0,0.0,554546.0,0.0,58900125.0,0.0,3949016.0,0.0,0.95,0.0
10,1,0.3,1,0.9974110535405872,0.0,7.7,0.0,159312.39799894992,0.0,0.5,0.0,0.6000000000000001,0.0,0.7597844036617761,0.0,87309.5859375,0.0,369.99756240844727,0.0,23.002338409423828,0.0,346.99522399902344,0.0,87679.58349990845,0.0,99.57801172446395,0.0,579.0,0.0,577097.0,0.0,188836.0,0.0,1257272.0,0.0,0.956,0.0
10,5,0,1,1.0,0.0,0.6000000000000001,0.0,15830.514710937352,0.0,0.5,0.0,0.5,0.0,0.44394734356998505,0.0,7561.7490234375,0.0,431.7417907714844,0.0,0.0,0.0,431.7417907714844,0.0,7993.490814208984,0.0,94.59883296539188,0.0,530.0,0.0,529470.0,0.0,0.0,0.0,0.0,0.0,1.0,0.0
10,5,0.1,1,0.9989005424954792,0.0,3.0,0.0,22368.347944262237,0.0,0.5,0.0,0.6000000000000001,0.0,0.5157919437548699,0.0,11256.29736328125,0.0,516.2591133117676,0.0,6.783390045166016,0.0,509.47572326660156,0.0,11772.556476593018,0.0,95.61472383387391,0.0,553.0,0.0,551870.0,0.0,0.0,0.0,68362.0,0.0,0.981,0.0
10,3,0.2,1,0.997427304964539,0.0,4.9,0.0,101301.43267766407,0.0,0.5,0.0,0.6000000000000001,0.0,0.6125313127143853,0.0,53548.6376953125,0.0,752.3370246887207,0.0,13.99850845336914,0.0,738.3385162353516,0.0,54300.97472000122,0.0,98.61450548803573,0.0,564.0,0.0,562072.0,0.0,505148.0,0.0,634380.0,0.0,0.977,0.0
8,21,0.3,1,0.9965191637630662,0.0,6.2,0.0,320321.1321112538,0.0,0.5,0.0,0.7000000000000001,0.0,0.7357738184795503,0.0,144723.580078125,0.0,29888.119205474854,0.0,18.479633331298828,0.0,29869.639572143555,0.0,174611.69928359985,0.0,82.883094702073,0.0,574.0,0.0,571594.0,0.0,58932850.0,0.0,3923322.0,0.0,0.953,0.0
10,7,0,1,1.0,0.0,0.6000000000000001,0.0,16127.956768362565,0.0,0.5,0.0,0.5,0.0,0.44343528310919617,0.0,7878.52001953125,0.0,603.2013854980469,0.0,0.0,0.0,603.2013854980469,0.0,8481.721405029297,0.0,92.88821977646691,0.0,552.0,0.0,551448.0,0.0,0.0,0.0,0.0,0.0,1.0,0.0
10,7,0.1,1,0.9991897810218978,0.0,2.9000000000000004,0.0,29798.369059892804,0.0,0.5,0.0,0.6000000000000001,0.0,0.5211973808322549,0.0,14690.31884765625,0.0,855.5443077087402,0.0,6.867885589599609,0.0,848.6764221191406,0.0,15545.86315536499,0.0,94.49664326027799,0.0,548.0,0.0,547044.0,0.0,0.0,0.0,118330.0,0.0,0.983,0.0
10,5,0.2,1,0.996007561436673,0.0,4.9,0.0,191439.36256781194,0.0,0.5,0.0,0.6000000000000001,0.0,0.615332335465832,0.0,94116.99609375,0.0,1998.498691558838,0.0,14.120960235595703,0.0,1984.3777313232422,0.0,96115.49478530884,0.0,97.92073203595024,0.0,529.0,0.0,526456.0,0.0,6845346.0,0.0,1424296.0,0.0,0.977,0.0
10,9,0,1,1.0,0.0,0.6000000000000001,0.0,16492.197873647783,0.0,0.5,0.0,0.5,0.0,0.44373207451531677,0.0,7849.60546875,0.0,776.5336151123047,0.0,0.0,0.0,776.5336151123047,0.0,8626.139083862305,0.0,90.997900595354,0.0,549.0,0.0,548451.0,0.0,0.0,0.0,0.0,0.0,1.0,0.0
10,3,0.3,1,0.9927045045045045,0.0,6.5,0.0,345532.53784846084,0.0,0.5,0.0,0.6000000000000001,0.0,0.7176677007577684,0.0,179359.19970703125,0.0,2065.6814346313477,0.0,23.01616668701172,0.0,2042.665267944336,0.0,181424.8811416626,0.0,98.86141227066953,0.0,555.0,0.0,550564.0,0.0,14720313.0,0.0,3029029.0,0.0,0.957,0.0
10,9,0.1,1,0.9994962962962963,0.0,3.0,0.0,38914.547217992964,0.0,0.5,0.0,0.6000000000000001,0.0,0.5242431379385164,0.0,18708.5302734375,0.0,1303.379249572754,0.0,6.837654113769531,0.0,1296.5415954589844,0.0,20011.909523010254,0.0,93.48698209896415,0.0,540.0,0.0,539233.0,0.0,4388.0,0.0,180018.0,0.0,0.993,0.0
10,7,0.2,1,0.9962094339622641,0.0,4.800000000000001,0.0,206841.08306164228,0.0,0.5,0.0,0.6000000000000001,0.0,0.6082062703768293,0.0,100808.9794921875,0.0,3256.993579864502,0.0,13.890933990478516,0.0,3243.1026458740234,0.0,104065.973072052,0.0,96.87026077427878,0.0,530.0,0.0,527560.0,0.0,13582120.0,0.0,1599378.0,0.0,0.973,0.0
10,5,0.3,1,0.9964674657534247,0.0,6.300000000000001,0.0,318469.0070365861,0.0,0.5,0.0,0.6000000000000001,0.0,0.6929279902051821,0.0,172499.49169921875,0.0,4120.9140701293945,0.0,23.142433166503906,0.0,4097.771636962891,0.0,176620.40576934814,0.0,97.66679617104325,0.0,584.0,0.0,581532.0,0.0,28324691.0,0.0,3200809.0,0.0,0.955,0.0
10,11,0,1,1.0,0.0,0.6000000000000001,0.0,16869.649831649833,0.0,0.5,0.0,0.5,0.0,0.44399133982467315,0.0,7526.3203125,0.0,959.7292785644531,0.0,0.0,0.0,959.7292785644531,0.0,8486.049591064453,0.0,88.69050589128045,0.0,528.0,0.0,527472.0,0.0,0.0,0.0,0.0,0.0,1.0,0.0
10,11,0.1,1,0.997933216168717,0.0,3.0,0.0,56178.03687617221,0.0,0.5,0.0,0.6000000000000001,0.0,0.529559636455939,0.0,28290.65478515625,0.0,2102.969551086426,0.0,6.839179992675781,0.0,2096.13037109375,0.0,30393.624336242676,0.0,93.08088588639048,0.0,569.0,0.0,567304.0,0.0,1220293.0,0.0,353374.0,0.0,0.988,0.0
10,9,0.2,1,0.9943164794007491,0.0,4.800000000000001,0.0,203505.6680677496,0.0,0.5,0.0,0.6000000000000001,0.0,0.6023954748163198,0.0,96879.2431640625,0.0,6087.355487823486,0.0,14.113712310791016,0.0,6073.241775512695,0.0,102966.59865188599,0.0,94.08802896519492,0.0,534.0,0.0,530542.0,0.0,27464618.0,0.0,2030910.0,0.0,0.97,0.0
10,7,0.3,1,0.998143897996357,0.0,6.300000000000001,0.0,325778.4797322099,0.0,0.5,0.0,0.6000000000000001,0.0,0.6954239736446595,0.0,161974.83837890625,0.0,8154.951976776123,0.0,23.174190521240234,0.0,8131.777786254883,0.0,170129.79035568237,0.0,95.20662903320638,0.0,549.0,0.0,547593.0,0.0,51983101.0,0.0,3664301.0,0.0,0.95,0.0
10,13,0,1,1.0,0.0,0.6000000000000001,0.0,17184.248552349818,0.0,0.4,0.0,0.5,0.0,0.4411648538230816,0.0,7918.75341796875,0.0,1134.8455200195312,0.0,0.0,0.0,1134.8455200195312,0.0,9053.598937988281,0.0,87.46525522289488,0.0,553.0,0.0,552447.0,0.0,0.0,0.0,0.0,0.0,1.0,0.0
10,13,0.1,1,0.9997175043327556,0.0,3.1,0.0,69638.40541379998,0.0,0.5,0.0,0.6000000000000001,0.0,0.5275645708435637,0.0,34909.2509765625,0.0,3364.523391723633,0.0,6.768798828125,0.0,3357.754592895508,0.0,38273.77436828613,0.0,91.20932427685653,0.0,577.0,0.0,576305.0,0.0,3744633.0,0.0,533899.0,0.0,0.985,0.0
10,11,0.2,1,0.9944704797047971,0.0,4.7,0.0,197397.1822923533,0.0,0.5,0.0,0.6000000000000001,0.0,0.5956943405125272,0.0,93394.27294921875,0.0,7988.61234664917,0.0,14.050579071044922,0.0,7974.561767578125,0.0,101382.88529586792,0.0,92.12035411762466,0.0,542.0,0.0,538547.0,0.0,33509066.0,0.0,2083458.0,0.0,0.977,0.0
10,9,0.3,1,0.9948593481989708,0.0,6.2,0.0,304166.7046238785,0.0,0.5,0.0,0.6000000000000001,0.0,0.6780924775707384,0.0,156783.908203125,0.0,11344.126388549805,0.0,22.92327880859375,0.0,11321.203109741211,0.0,168128.0345916748,0.0,93.25268601628468,0.0,583.0,0.0,579600.0,0.0,62893992.0,0.0,4082612.0,0.0,0.951,0.0
10,15,0,1,1.0,0.0,0.6000000000000001,0.0,17410.15978180015,0.0,0.5,0.0,0.5,0.0,0.4420662864699562,0.0,7770.02197265625,0.0,1269.9031677246094,0.0,0.0,0.0,1269.9031677246094,0.0,9039.92514038086,0.0,85.95228225893132,0.0,545.0,0.0,544455.0,0.0,0.0,0.0,0.0,0.0,1.0,0.0
10,15,0.1,1,0.9981033274956217,0.0,3.0,0.0,72676.46782450785,0.0,0.5,0.0,0.6000000000000001,0.0,0.5266720876442106,0.0,35661.31201171875,0.0,3803.135051727295,0.0,6.848049163818359,0.0,3796.2870025634766,0.0,39464.447063446045,0.0,90.36313610168392,0.0,571.0,0.0,569393.0,0.0,4465761.0,0.0,472089.0,0.0,0.99,0.0
10,13,0.2,1,0.9980833333333333,0.0,4.7,0.0,199412.47873729168,0.0,0.5,0.0,0.6000000000000001,0.0,0.5898504247713663,0.0,91612.705078125,0.0,10801.049491882324,0.0,13.887596130371094,0.0,10787.161895751953,0.0,102413.75457000732,0.0,89.45351673002183,0.0,540.0,0.0,538525.0,0.0,39454747.0,0.0,2199771.0,0.0,0.97,0.0
10,11,0.3,1,0.9927204301075269,0.0,6.1000000000000005,0.0,312231.1974419655,0.0,0.5,0.0,0.6000000000000001,0.0,0.6689218679432751,0.0,150520.99072265625,0.0,14307.862258911133,0.0,22.795867919921875,0.0,14285.066390991211,0.0,164828.85298156738,0.0,91.31956450579004,0.0,558.0,0.0,553550.0,0.0,69594277.0,0.0,4053170.0,0.0,0.929,0.0
10,17,0,1,1.0,0.0,0.6000000000000001,0.0,17796.60854929003,0.0,0.5,0.0,0.5,0.0,0.443978237496756,0.0,7718.16943359375,0.0,1437.6365814208984,0.0,0.0,0.0,1437.6365814208984,0.0,9155.806015014648,0.0,84.29808823971028,0.0,540.0,0.0,539460.0,0.0,0.0,0.0,0.0,0.0,1.0,0.0
10,15,0.2,1,0.9981992818671455,0.0,4.800000000000001,0.0,196178.53518114839,0.0,0.5,0.0,0.6000000000000001,0.0,0.5949897306939746,0.0,92312.4990234375,0.0,11623.531608581543,0.0,14.200782775878906,0.0,11609.330825805664,0.0,103936.03063201904,0.0,88.8166485309275,0.0,557.0,0.0,555539.0,0.0,40644227.0,0.0,2180894.0,0.0,0.977,0.0
10,17,0.1,1,0.9999195804195804,0.0,3.1,0.0,87519.57188582269,0.0,0.5,0.0,0.6000000000000001,0.0,0.5295549562761298,0.0,42936.03955078125,0.0,4758.210941314697,0.0,6.852817535400391,0.0,4751.358123779297,0.0,47694.25049209595,0.0,90.02351249422979,0.0,572.0,0.0,571427.0,0.0,6943605.0,0.0,671600.0,0.0,0.985,0.0
10,13,0.3,1,0.9926642201834862,0.0,6.2,0.0,328151.03600105806,0.0,0.5,0.0,0.6000000000000001,0.0,0.6945359335433379,0.0,150191.39208984375,0.0,18996.151336669922,0.0,22.8546142578125,0.0,18973.29672241211,0.0,169187.54342651367,0.0,88.77213360277858,0.0,545.0,0.0,540623.0,0.0,78395449.0,0.0,4124791.0,0.0,0.948,0.0
10,19,0,1,0.9985332136445242,0.0,0.6000000000000001,0.0,18035.935193817422,0.0,0.5,0.0,0.5,0.0,0.44432189998308214,0.0,7923.59765625,0.0,1633.3963317871094,0.0,0.0,0.0,1633.3963317871094,0.0,9556.99398803711,0.0,82.90889024486465,0.0,557.0,0.0,555626.0,0.0,0.0,0.0,0.0,0.0,1.0,0.0
10,17,0.2,1,0.996415770609319,0.0,4.7,0.0,197518.58156794345,0.0,0.5,0.0,0.6000000000000001,0.0,0.5961615932520076,0.0,89669.4228515625,0.0,14977.322219848633,0.0,14.171981811523438,0.0,14963.15023803711,0.0,104646.74507141113,0.0,85.68773237081757,0.0,558.0,0.0,555543.0,0.0,46101443.0,0.0,2463497.0,0.0,0.967,0.0
10,19,0.1,1,0.9981467889908257,0.0,3.2,0.0,102714.4355493079,0.0,0.5,0.0,0.6000000000000001,0.0,0.5299085728795034,0.0,46119.673828125,0.0,7118.791213989258,0.0,6.9305419921875,0.0,7111.86067199707,0.0,53238.46504211426,0.0,86.62848147789771,0.0,545.0,0.0,543493.0,0.0,13813075.0,0.0,913325.0,0.0,0.989,0.0
10,15,0.3,1,0.9908263254113345,0.0,6.0,0.0,332480.6106054983,0.0,0.5,0.0,0.6000000000000001,0.0,0.6801226765044213,0.0,150336.44970703125,0.0,21388.991706848145,0.0,23.066139221191406,0.0,21365.925567626953,0.0,171725.4414138794,0.0,87.54465760533522,0.0,547.0,0.0,541587.0,0.0,79936829.0,0.0,4377432.0,0.0,0.963,0.0
10,21,0,1,1.0,0.0,0.6000000000000001,0.0,18336.79654876115,0.0,0.5,0.0,0.5,0.0,0.44204328222027334,0.0,8059.9482421875,0.0,1810.5139465332031,0.0,0.0,0.0,1810.5139465332031,0.0,9870.462188720703,0.0,81.65725259955774,0.0,565.0,0.0,564435.0,0.0,0.0,0.0,0.0,0.0,1.0,0.0
10,19,0.2,1,0.9999632224168126,0.0,4.9,0.0,193616.39384341406,0.0,0.5,0.0,0.6000000000000001,0.0,0.5906788826157603,0.0,89176.08544921875,0.0,16167.048923492432,0.0,14.098453521728516,0.0,16152.950469970703,0.0,105343.13437271118,0.0,84.65296384072614,0.0,571.0,0.0,570511.0,0.0,46012581.0,0.0,2150785.0,0.0,0.964,0.0
10,17,0.3,1,0.9932278056951424,0.0,6.1000000000000005,0.0,310975.050356604,0.0,0.5,0.0,0.6000000000000001,0.0,0.6852337587378953,0.0,150646.44580078125,0.0,25080.721794128418,0.0,22.83763885498047,0.0,25057.884155273438,0.0,175727.16759490967,0.0,85.72746483233311,0.0,597.0,0.0,592534.0,0.0,82977967.0,0.0,4409907.0,0.0,0.944,0.0
10,21,0.1,1,0.9981814882032668,0.0,3.1,0.0,101576.94332260835,0.0,0.5,0.0,0.6000000000000001,0.0,0.5256926347052572,0.0,45153.59619140625,0.0,8076.807754516602,0.0,6.9492340087890625,0.0,8069.8585205078125,0.0,53230.40394592285,0.0,84.8267021179815,0.0,551.0,0.0,549496.0,0.0,16687415.0,0.0,839666.0,0.0,0.982,0.0
12,1,0,1,1.0,0.0,0.6000000000000001,0.0,18182.528409110866,0.0,0.4,0.0,0.5,0.0,0.40895702720264115,0.0,9788.2470703125,0.0,85.78890991210938,0.0,0.0,0.0,85.78890991210938,0.0,9874.03598022461,0.0,99.13116672772993,0.0,570.0,0.0,569430.0,0.0,0.0,0.0,0.0,0.0,1.0,0.0
12,1,0.1,1,0.9970181818181818,0.0,3.1,0.0,18972.38589625173,0.0,0.4,0.0,0.5,0.0,0.4819975685710425,0.0,9818.86669921875,0.0,93.21051406860352,0.0,8.513355255126953,0.0,84.69715881347656,0.0,9912.077213287354,0.0,99.05962683640466,0.0,550.0,0.0,547826.0,0.0,0.0,0.0,26067.0,0.0,0.987,0.0
12,1,0.2,1,0.9942563176895307,0.0,4.800000000000001,0.0,25852.96476458542,0.0,0.4,0.0,0.5,0.0,0.5648487172172181,0.0,13454.5927734375,0.0,113.88918685913086,0.0,16.803264617919922,0.0,97.08592224121094,0.0,13568.48196029663,0.0,99.16063427587267,0.0,554.0,0.0,550327.0,0.0,0.0,0.0,97365.0,0.0,0.973,0.0
12,3,0,1,1.0,0.0,0.6000000000000001,0.0,18492.138729402977,0.0,0.4,0.0,0.5,0.0,0.4095383812136834,0.0,9939.40576171875,0.0,261.3249206542969,0.0,0.0,0.0,261.3249206542969,0.0,10200.730682373047,0.0,97.43817449169725,0.0,579.0,0.0,578421.0,0.0,0.0,0.0,0.0,0.0,1.0,0.0
12,3,0.1,1,0.9982255772646537,0.0,3.0,0.0,20973.853664965758,0.0,0.4,0.0,0.5,0.0,0.4734621036039647,0.0,10954.95263671875,0.0,275.5969352722168,0.0,8.423519134521484,0.0,267.1734161376953,0.0,11230.549571990967,0.0,97.54600668911559,0.0,563.0,0.0,561465.0,0.0,0.0,0.0,41855.0,0.0,0.994,0.0
10,21,0.2,1,0.9999857142857143,0.0,4.800000000000001,0.0,201915.43926195728,0.0,0.5,0.0,0.6000000000000001,0.0,0.5900131180589563,0.0,89043.298828125,0.0,18701.445846557617,0.0,14.14794921875,0.0,18687.297897338867,0.0,107744.74467468262,0.0,82.64282318082098,0.0,560.0,0.0,559534.0,0.0,48926035.0,0.0,2323252.0,0.0,0.967,0.0
10,19,0.3,1,0.999895008605852,0.0,6.0,0.0,321280.5564736868,0.0,0.5,0.0,0.6000000000000001,0.0,0.6748090958732325,0.0,150797.009765625,0.0,27074.73020172119,0.0,22.781944274902344,0.0,27051.94825744629,0.0,177871.7399673462,0.0,84.77850938733069,0.0,581.0,0.0,580527.0,0.0,82586598.0,0.0,4196035.0,0.0,0.956,0.0
12,5,0,1,1.0,0.0,0.6000000000000001,0.0,18883.02846215391,0.0,0.4,0.0,0.5,0.0,0.40994596747284917,0.0,9607.11181640625,0.0,431.4482421875,0.0,0.0,0.0,431.4482421875,0.0,10038.56005859375,0.0,95.70209034294567,0.0,558.0,0.0,557442.0,0.0,0.0,0.0,0.0,0.0,1.0,0.0
12,1,0.3,1,0.9918864864864865,0.0,7.300000000000001,0.0,219440.2071405199,0.0,0.4,0.0,0.5,0.0,0.6960298127613161,0.0,114718.7548828125,0.0,403.1418113708496,0.0,27.268123626708984,0.0,375.8736877441406,0.0,115121.89669418335,0.0,99.64981309121255,0.0,555.0,0.0,550100.0,0.0,913666.0,0.0,1655874.0,0.0,0.953,0.0
12,5,0.1,1,0.9984835164835165,0.0,2.8000000000000003,0.0,27406.321091467904,0.0,0.4,0.0,0.5,0.0,0.4845292760083794,0.0,13729.1162109375,0.0,506.52741622924805,0.0,8.377742767333984,0.0,498.14967346191406,0.0,14235.643627166748,0.0,96.44183691657882,0.0,546.0,0.0,544661.0,0.0,0.0,0.0,82209.0,0.0,0.979,0.0
12,3,0.2,1,0.9975896057347671,0.0,4.800000000000001,0.0,105345.68785981668,0.0,0.4,0.0,0.5,0.0,0.5845760231289533,0.0,55207.56884765625,0.0,669.9228630065918,0.0,16.663265228271484,0.0,653.2595977783203,0.0,55877.49171066284,0.0,98.8010863721738,0.0,558.0,0.0,556186.0,0.0,417851.0,0.0,681553.0,0.0,0.978,0.0
12,7,0,1,1.0,0.0,0.6000000000000001,0.0,19296.76990651854,0.0,0.4,0.0,0.5,0.0,0.41043247254540516,0.0,9492.56982421875,0.0,600.4828033447266,0.0,0.0,0.0,600.4828033447266,0.0,10093.052627563477,0.0,94.05053331729543,0.0,549.0,0.0,548451.0,0.0,0.0,0.0,0.0,0.0,1.0,0.0
12,7,0.1,1,0.9990180505415163,0.0,3.0,0.0,36211.93825030473,0.0,0.4,0.0,0.5,0.0,0.49099182192707375,0.0,18239.96923828125,0.0,855.548454284668,0.0,8.456993103027344,0.0,847.0914611816406,0.0,19095.517692565918,0.0,95.51963728840019,0.0,554.0,0.0,552942.0,0.0,0.0,0.0,145546.0,0.0,0.983,0.0
10,21,0.3,1,0.9945981981981982,0.0,6.0,0.0,346307.9497401258,0.0,0.5,0.0,0.6000000000000001,0.0,0.6757228346685086,0.0,152266.24365234375,0.0,29912.22226715088,0.0,22.88494110107422,0.0,29889.337326049805,0.0,182178.46591949463,0.0,83.58081339845666,0.0,555.0,0.0,551613.0,0.0,85372898.0,0.0,4590582.0,0.0,0.964,0.0
12,5,0.2,1,0.9943832116788321,0.0,4.6000000000000005,0.0,218256.5488376706,0.0,0.4,0.0,0.5,0.0,0.5710684026763789,0.0,111372.83203125,0.0,1955.6137619018555,0.0,16.838645935058594,0.0,1938.7751159667969,0.0,113328.44579315186,0.0,98.2743840275801,0.0,548.0,0.0,544467.0,0.0,9568902.0,0.0,1589188.0,0.0,0.975,0.0
12,9,0,1,1.0,0.0,0.6000000000000001,0.0,19534.406581764248,0.0,0.4,0.0,0.5,0.0,0.4088343818270826,0.0,9421.82080078125,0.0,776.9153442382812,0.0,0.0,0.0,776.9153442382812,0.0,10198.736145019531,0.0,92.38223900303882,0.0,548.0,0.0,547452.0,0.0,0.0,0.0,0.0,0.0,1.0,0.0
12,3,0.3,1,0.9964232142857142,0.0,6.6000000000000005,0.0,402848.68453371595,0.0,0.4,0.0,0.5,0.0,0.6741793400286944,0.0,212181.90673828125,0.0,2040.454345703125,0.0,27.26898193359375,0.0,2013.1853637695312,0.0,214222.36108398438,0.0,99.04750636890648,0.0,560.0,0.0,557600.0,0.0,21870822.0,0.0,3541115.0,0.0,0.966,0.0
12,9,0.1,1,0.997619744058501,0.0,3.0,0.0,42207.031683901994,0.0,0.4,0.0,0.5,0.0,0.4980399781363835,0.0,20750.296875,0.0,1194.8833122253418,0.0,8.408641815185547,0.0,1186.4746704101562,0.0,21945.18018722534,0.0,94.55514467399587,0.0,547.0,0.0,545198.0,0.0,362.0,0.0,191800.0,0.0,0.983,0.0
12,7,0.2,1,0.9981151079136691,0.0,4.7,0.0,230851.59496693377,0.0,0.4,0.0,0.5,0.0,0.5684376538567664,0.0,119051.9033203125,0.0,3023.743507385254,0.0,16.81537628173828,0.0,3006.9281311035156,0.0,122075.64682769775,0.0,97.52305755819334,0.0,556.0,0.0,554493.0,0.0,16773253.0,0.0,1826074.0,0.0,0.969,0.0
12,5,0.3,1,0.9948571428571429,0.0,6.2,0.0,374685.2323656705,0.0,0.4,0.0,0.5,0.0,0.6553145046786526,0.0,205276.65234375,0.0,3606.391216278076,0.0,27.28414535522461,0.0,3579.1070709228516,0.0,208883.04356002808,0.0,98.27348780694987,0.0,588.0,0.0,584570.0,0.0,34249977.0,0.0,3732873.0,0.0,0.944,0.0
12,11,0,1,0.9982172351885099,0.0,0.6000000000000001,0.0,19904.32720136826,0.0,0.4,0.0,0.5,0.0,0.41052822036186876,0.0,9581.4111328125,0.0,962.2772064208984,0.0,0.0,0.0,962.2772064208984,0.0,10543.688339233398,0.0,90.87342896090512,0.0,557.0,0.0,555450.0,0.0,0.0,0.0,0.0,0.0,1.0,0.0
12,11,0.1,1,0.9978146167557932,0.0,3.0,0.0,56566.29196639148,0.0,0.4,0.0,0.5,0.0,0.4941540920819006,0.0,28351.072265625,0.0,1818.8287658691406,0.0,8.42742919921875,0.0,1810.4013366699219,0.0,30169.90103149414,0.0,93.97137974045563,0.0,561.0,0.0,559263.0,0.0,233859.0,0.0,314455.0,0.0,0.988,0.0
12,9,0.2,1,0.999977315689981,0.0,4.800000000000001,0.0,232238.78126625865,0.0,0.4,0.0,0.5,0.0,0.5764800923254472,0.0,111754.5703125,0.0,5312.090969085693,0.0,17.015743255615234,0.0,5295.075225830078,0.0,117066.6612815857,0.0,95.46233666277686,0.0,529.0,0.0,528565.0,0.0,32542658.0,0.0,2239960.0,0.0,0.966,0.0
12,7,0.3,1,0.9910836298932384,0.0,6.0,0.0,369974.466724877,0.0,0.4,0.0,0.5,0.0,0.6509101656120532,0.0,189528.42333984375,0.0,6860.324951171875,0.0,27.462387084960938,0.0,6832.862564086914,0.0,196388.74829101562,0.0,96.50676272909179,0.0,562.0,0.0,556602.0,0.0,59809783.0,0.0,4285010.0,0.0,0.959,0.0
12,13,0,1,1.0,0.0,0.6000000000000001,0.0,20191.768388208027,0.0,0.4,0.0,0.5,0.0,0.41036297558820084,0.0,9558.54931640625,0.0,1118.0492553710938,0.0,0.0,0.0,1118.0492553710938,0.0,10676.598571777344,0.0,89.52803884257146,0.0,555.0,0.0,554445.0,0.0,0.0,0.0,0.0,0.0,1.0,0.0
12,13,0.1,1,0.9961351351351352,0.0,2.9000000000000004,0.0,80634.40947790074,0.0,0.4,0.0,0.5,0.0,0.48658615656188475,0.0,42270.0146484375,0.0,3035.779769897461,0.0,8.347702026367188,0.0,3027.4320678710938,0.0,45305.79441833496,0.0,93.29935649761192,0.0,592.0,0.0,589160.0,0.0,5090541.0,0.0,535390.0,0.0,0.987,0.0
12,11,0.2,1,0.9963539019963702,0.0,4.800000000000001,0.0,218039.769579524,0.0,0.4,0.0,0.5,0.0,0.565025658788249,0.0,106542.35302734375,0.0,7521.506343841553,0.0,16.867733001708984,0.0,7504.638610839844,0.0,114063.8593711853,0.0,93.40588124467615,0.0,551.0,0.0,548545.0,0.0,42248306.0,0.0,2338941.0,0.0,0.976,0.0
12,9,0.3,1,0.9910315236427321,0.0,6.1000000000000005,0.0,335678.67999575584,0.0,0.4,0.0,0.5,0.0,0.6537665346254509,0.0,170601.861328125,0.0,10424.196834564209,0.0,27.084636688232422,0.0,10397.112197875977,0.0,181026.0581626892,0.0,94.24160425279993,0.0,571.0,0.0,565480.0,0.0,78495260.0,0.0,4593161.0,0.0,0.939,0.0
12,15,0,1,1.0,0.0,0.6000000000000001,0.0,20572.52503154924,0.0,0.4,0.0,0.5,0.0,0.4079699811543387,0.0,9251.45068359375,0.0,1273.6791076660156,0.0,0.0,0.0,1273.6791076660156,0.0,10525.129791259766,0.0,87.89868502406783,0.0,537.0,0.0,536463.0,0.0,0.0,0.0,0.0,0.0,1.0,0.0
12,15,0.1,1,0.9946195462478185,0.0,3.1,0.0,91858.02834236338,0.0,0.4,0.0,0.5,0.0,0.4994841893588808,0.0,45979.71240234375,0.0,3900.794158935547,0.0,8.512115478515625,0.0,3892.2820434570312,0.0,49880.5065612793,0.0,92.17972224451383,0.0,573.0,0.0,569395.0,0.0,7478854.0,0.0,670299.0,0.0,0.99,0.0
12,13,0.2,1,0.9962426470588235,0.0,4.7,0.0,214198.7343314011,0.0,0.4,0.0,0.5,0.0,0.5576667596161126,0.0,99705.92138671875,0.0,10912.096977233887,0.0,16.869163513183594,0.0,10895.227813720703,0.0,110618.01836395264,0.0,90.13533496746328,0.0,544.0,0.0,541513.0,0.0,53819516.0,0.0,2318619.0,0.0,0.966,0.0
12,11,0.3,1,0.9946771929824562,0.0,6.1000000000000005,0.0,336879.4685290987,0.0,0.4,0.0,0.5,0.0,0.6520891468147858,0.0,167195.97802734375,0.0,14828.155048370361,0.0,27.377033233642578,0.0,14800.778015136719,0.0,182024.1330757141,0.0,91.85374224954968,0.0,570.0,0.0,566571.0,0.0,92982825.0,0.0,4677211.0,0.0,0.953,0.0
12,17,0,1,1.0,0.0,0.6000000000000001,0.0,20776.503391091628,0.0,0.4,0.0,0.5,0.0,0.4110390247645149,0.0,9649.2744140625,0.0,1455.2738342285156,0.0,0.0,0.0,1455.2738342285156,0.0,11104.548248291016,0.0,86.89479480218853,0.0,561.0,0.0,560439.0,0.0,0.0,0.0,0.0,0.0,1.0,0.0
12,15,0.2,1,0.9981586452762924,0.0,4.7,0.0,208779.19323537665,0.0,0.4,0.0,0.5,0.0,0.5655802780702021,0.0,99030.88916015625,0.0,12369.476512908936,0.0,16.748714447021484,0.0,12352.727798461914,0.0,111400.36567306519,0.0,88.89637710058282,0.0,561.0,0.0,559499.0,0.0,55618445.0,0.0,2424391.0,0.0,0.976,0.0
12,17,0.1,1,0.994585237258348,0.0,3.0,0.0,98033.08212697093,0.0,0.4,0.0,0.5,0.0,0.4992097699878848,0.0,48140.185546875,0.0,4720.450973510742,0.0,8.37249755859375,0.0,4712.078475952148,0.0,52860.63652038574,0.0,91.0700073168996,0.0,569.0,0.0,565405.0,0.0,9256355.0,0.0,755411.0,0.0,0.981,0.0
12,13,0.3,1,0.9964257602862254,0.0,6.0,0.0,341269.5301540761,0.0,0.4,0.0,0.5,0.0,0.6413391471196964,0.0,162870.34716796875,0.0,18283.28465270996,0.0,27.275466918945312,0.0,18256.009185791016,0.0,181153.6318206787,0.0,89.90730438636288,0.0,559.0,0.0,556608.0,0.0,101930087.0,0.0,4850661.0,0.0,0.955,0.0
12,19,0,1,1.0,0.0,0.6000000000000001,0.0,21196.450417985554,0.0,0.4,0.0,0.5,0.0,0.40951510068627184,0.0,9543.66943359375,0.0,1664.1647644042969,0.0,0.0,0.0,1664.1647644042969,0.0,11207.834197998047,0.0,85.15177209971976,0.0,555.0,0.0,554445.0,0.0,0.0,0.0,0.0,0.0,1.0,0.0
12,17,0.2,1,0.9981535648994515,0.0,4.9,0.0,211890.98276762784,0.0,0.4,0.0,0.5,0.0,0.5726074754877251,0.0,95381.583984375,0.0,14859.01127243042,0.0,16.958141326904297,0.0,14842.053131103516,0.0,110240.59525680542,0.0,86.52128896998754,0.0,547.0,0.0,545543.0,0.0,61487045.0,0.0,2707292.0,0.0,0.967,0.0
12,15,0.3,1,0.99297539543058,0.0,5.9,0.0,328362.3833879735,0.0,0.4,0.0,0.5,0.0,0.6317600154444805,0.0,157125.62255859375,0.0,19680.242488861084,0.0,27.138423919677734,0.0,19653.104064941406,0.0,176805.86504745483,0.0,88.86901037837241,0.0,569.0,0.0,564603.0,0.0,99294385.0,0.0,4642944.0,0.0,0.953,0.0
12,19,0.1,1,0.9979613152804642,0.0,3.0,0.0,110217.7651121285,0.0,0.4,0.0,0.5,0.0,0.49961298207495924,0.0,47323.24365234375,0.0,6859.8137130737305,0.0,8.350944519042969,0.0,6851.4627685546875,0.0,54183.05736541748,0.0,87.33955954753482,0.0,517.0,0.0,515480.0,0.0,15696512.0,0.0,837681.0,0.0,0.984,0.0
12,21,0,1,1.0,0.0,0.6000000000000001,0.0,21491.74162155294,0.0,0.4,0.0,0.5,0.0,0.4115882606448644,0.0,10045.658203125,0.0,1891.6316833496094,0.0,0.0,0.0,1891.6316833496094,0.0,11937.28988647461,0.0,84.15359180065738,0.0,583.0,0.0,582417.0,0.0,0.0,0.0,0.0,0.0,1.0,0.0
12,19,0.2,1,0.9982564543889845,0.0,4.7,0.0,204981.95992207358,0.0,0.4,0.0,0.5,0.0,0.5546028530458775,0.0,95948.10205078125,0.0,17340.157833099365,0.0,16.925334930419922,0.0,17323.232498168945,0.0,113288.25988388062,0.0,84.69377334344013,0.0,581.0,0.0,579521.0,0.0,64557037.0,0.0,2611679.0,0.0,0.962,0.0
12,21,0.1,1,0.9962708719851577,0.0,3.1,0.0,112987.41884159003,0.0,0.4,0.0,0.5,0.0,0.500028518492285,0.0,49922.56787109375,0.0,7886.377101898193,0.0,8.391094207763672,0.0,7877.98600769043,0.0,57808.94497299194,0.0,86.35786017962675,0.0,539.0,0.0,536494.0,0.0,19085593.0,0.0,1021501.0,0.0,0.989,0.0
12,17,0.3,1,0.9906980802792321,0.0,6.1000000000000005,0.0,341339.1221490045,0.0,0.4,0.0,0.5,0.0,0.6444214096583917,0.0,160261.224609375,0.0,24396.203895568848,0.0,27.25658416748047,0.0,24368.947311401367,0.0,184657.42850494385,0.0,86.78839833680686,0.0,573.0,0.0,567258.0,0.0,108075014.0,0.0,4916716.0,0.0,0.947,0.0
14,1,0,1,1.0,0.0,0.5,0.0,21326.015371303507,0.0,0.4,0.0,0.5,0.0,0.38612039534826725,0.0,10701.93896484375,0.0,86.77835083007812,0.0,0.0,0.0,86.77835083007812,0.0,10788.717315673828,0.0,99.1956564595125,0.0,531.0,0.0,530469.0,0.0,0.0,0.0,0.0,0.0,1.0,0.0
14,1,0.1,1,0.995725897920605,0.0,3.0,0.0,22411.378193482673,0.0,0.4,0.0,0.5,0.0,0.4492735088212714,0.0,11152.58642578125,0.0,94.56659317016602,0.0,9.709644317626953,0.0,84.85694885253906,0.0,11247.153018951416,0.0,99.15919528247885,0.0,529.0,0.0,526228.0,0.0,0.0,0.0,31128.0,0.0,0.983,0.0
14,1,0.2,1,0.9951703703703704,0.0,4.9,0.0,32246.103505370455,0.0,0.4,0.0,0.5,0.0,0.5461877862396376,0.0,16395.6826171875,0.0,115.80119323730469,0.0,19.467926025390625,0.0,96.33326721191406,0.0,16511.483810424805,0.0,99.29866270913706,0.0,540.0,0.0,536919.0,0.0,0.0,0.0,122950.0,0.0,0.973,0.0
14,3,0,1,1.0,0.0,0.5,0.0,21628.548420987358,0.0,0.4,0.0,0.5,0.0,0.3865282982097141,0.0,11375.28662109375,0.0,267.0833435058594,0.0,0.0,0.0,267.0833435058594,0.0,11642.36996459961,0.0,97.705936640753,0.0,565.0,0.0,564435.0,0.0,0.0,0.0,0.0,0.0,1.0,0.0
12,21,0.2,1,0.9982349823321555,0.0,4.7,0.0,215628.96522942133,0.0,0.4,0.0,0.5,0.0,0.5530665386543472,0.0,96966.80126953125,0.0,19122.832778930664,0.0,17.101287841796875,0.0,19105.731491088867,0.0,116089.63404846191,0.0,83.52752772831742,0.0,566.0,0.0,564529.0,0.0,67449552.0,0.0,2600481.0,0.0,0.97,0.0
14,3,0.1,1,0.9984833005893909,0.0,2.9000000000000004,0.0,24927.208987294653,0.0,0.4,0.0,0.5,0.0,0.44783067678472605,0.0,11797.97607421875,0.0,272.2183265686035,0.0,9.80997085571289,0.0,262.4083557128906,0.0,12070.194400787354,0.0,97.74470636072898,0.0,509.0,0.0,507739.0,0.0,0.0,0.0,44324.0,0.0,0.986,0.0
12,19,0.3,1,0.9965625,0.0,6.0,0.0,328663.0572454992,0.0,0.4,0.0,0.5,0.0,0.6433013437002811,0.0,158239.4619140625,0.0,26552.640907287598,0.0,27.132606506347656,0.0,26525.50830078125,0.0,184792.1028213501,0.0,85.63107378405793,0.0,592.0,0.0,589566.0,0.0,107985601.0,0.0,4915303.0,0.0,0.964,0.0
14,5,0,1,0.9983202146690519,0.0,0.5,0.0,21972.30572087634,0.0,0.4,0.0,0.5,0.0,0.38744273563144166,0.0,11235.76611328125,0.0,446.3669738769531,0.0,0.0,0.0,446.3669738769531,0.0,11682.133087158203,0.0,96.17906275723197,0.0,559.0,0.0,557502.0,0.0,0.0,0.0,0.0,0.0,1.0,0.0
14,1,0.3,1,0.990355716878403,0.0,7.1000000000000005,0.0,258587.39537161164,0.0,0.4,0.0,0.5,0.0,0.6693293623357975,0.0,134059.39453125,0.0,412.82785415649414,0.0,31.296634674072266,0.0,381.5312194824219,0.0,134472.2223854065,0.0,99.6930013895559,0.0,551.0,0.0,545287.0,0.0,1470904.0,0.0,1882998.0,0.0,0.956,0.0
14,3,0.2,1,0.9993559633027523,0.0,4.6000000000000005,0.0,143336.6685985935,0.0,0.4,0.0,0.5,0.0,0.5463291246239819,0.0,73676.578125,0.0,712.1532096862793,0.0,19.50674057006836,0.0,692.6464691162109,0.0,74388.73133468628,0.0,99.04265982641618,0.0,545.0,0.0,544189.0,0.0,1094339.0,0.0,930034.0,0.0,0.965,0.0
14,5,0.1,1,0.9969601386481802,0.0,2.8000000000000003,0.0,28834.129559544876,0.0,0.4,0.0,0.5,0.0,0.45853182785483226,0.0,15302.68212890625,0.0,500.6579170227051,0.0,9.882450103759766,0.0,490.7754669189453,0.0,15803.340045928955,0.0,96.8319487173746,0.0,577.0,0.0,574701.0,0.0,0.0,0.0,84492.0,0.0,0.982,0.0
14,7,0,1,1.0,0.0,0.5,0.0,22330.8737494251,0.0,0.4,0.0,0.5,0.0,0.38720937153369583,0.0,11213.65869140625,0.0,594.0131378173828,0.0,0.0,0.0,594.0131378173828,0.0,11807.671829223633,0.0,94.96926111761323,0.0,555.0,0.0,554445.0,0.0,0.0,0.0,0.0,0.0,1.0,0.0
14,7,0.1,1,0.9971428571428571,0.0,3.0,0.0,37620.26131750794,0.0,0.4,0.0,0.5,0.0,0.46935705671255445,0.0,18720.15380859375,0.0,794.897518157959,0.0,9.904766082763672,0.0,784.9927520751953,0.0,19515.05132675171,0.0,95.92674646431345,0.0,546.0,0.0,543936.0,0.0,0.0,0.0,136249.0,0.0,0.99,0.0
12,21,0.3,1,0.9964071428571428,0.0,6.0,0.0,359291.1161437728,0.0,0.4,0.0,0.5,0.0,0.6402403506443664,0.0,160675.83544921875,0.0,30384.65510559082,0.0,27.158355712890625,0.0,30357.49674987793,0.0,191060.49055480957,0.0,84.096840211517,0.0,560.0,0.0,557602.0,0.0,113046314.0,0.0,5430570.0,0.0,0.949,0.0
14,5,0.2,1,0.9980619469026548,0.0,4.800000000000001,0.0,237664.2748867654,0.0,0.4,0.0,0.5,0.0,0.5714801431228613,0.0,125860.025390625,0.0,1844.2685546875,0.0,19.693756103515625,0.0,1824.5747985839844,0.0,127704.2939453125,0.0,98.55582886235817,0.0,565.0,0.0,563432.0,0.0,11631314.0,0.0,1846347.0,0.0,0.974,0.0
14,9,0,1,1.0,0.0,0.5,0.0,22663.762714744265,0.0,0.4,0.0,0.5,0.0,0.38487251088727104,0.0,10920.05419921875,0.0,782.9369354248047,0.0,0.0,0.0,782.9369354248047,0.0,11702.991134643555,0.0,93.3099416515225,0.0,542.0,0.0,541458.0,0.0,0.0,0.0,0.0,0.0,1.0,0.0
14,3,0.3,1,0.9960382513661202,0.0,6.4,0.0,469580.3553684827,0.0,0.4,0.0,0.5,0.0,0.6508162070164523,0.0,242687.61474609375,0.0,2018.342269897461,0.0,31.341552734375,0.0,1987.000717163086,0.0,244705.9570159912,0.0,99.17519692021001,0.0,549.0,0.0,546430.0,0.0,30141559.0,0.0,4138628.0,0.0,0.964,0.0
14,9,0.1,1,0.9995365853658537,0.0,2.9000000000000004,0.0,58074.119024984124,0.0,0.4,0.0,0.5,0.0,0.4708436510113516,0.0,28155.45703125,0.0,1323.0113334655762,0.0,9.80520248413086,0.0,1313.2061309814453,0.0,29478.468364715576,0.0,95.51194004689482,0.0,533.0,0.0,532258.0,0.0,396898.0,0.0,260916.0,0.0,0.989,0.0
14,7,0.2,1,0.9944689781021898,0.0,4.7,0.0,261996.17766938405,0.0,0.4,0.0,0.5,0.0,0.5470312221656991,0.0,133065.34716796875,0.0,2987.1398963928223,0.0,19.676685333251953,0.0,2967.4632110595703,0.0,136052.48706436157,0.0,97.80442095484833,0.0,548.0,0.0,544517.0,0.0,22044763.0,0.0,2169996.0,0.0,0.966,0.0
14,11,0,1,1.0,0.0,0.5,0.0,22879.505067454436,0.0,0.4,0.0,0.5,0.0,0.38736964812914176,0.0,11127.25927734375,0.0,926.9112701416016,0.0,0.0,0.0,926.9112701416016,0.0,12054.170547485352,0.0,92.31045166907012,0.0,553.0,0.0,552447.0,0.0,0.0,0.0,0.0,0.0,1.0,0.0
14,5,0.3,1,0.9945709219858156,0.0,6.4,0.0,442667.1926712873,0.0,0.4,0.0,0.5,0.0,0.6455901950814846,0.0,233138.4990234375,0.0,3497.142879486084,0.0,31.547832489013672,0.0,3465.5950469970703,0.0,236635.64190292358,0.0,98.52214026113583,0.0,564.0,0.0,560535.0,0.0,45702243.0,0.0,4441916.0,0.0,0.96,0.0
14,11,0.1,1,0.9995709156193896,0.0,2.9000000000000004,0.0,70012.17636515627,0.0,0.4,0.0,0.5,0.0,0.46730851857511385,0.0,35321.54443359375,0.0,1818.942440032959,0.0,9.81740951538086,0.0,1809.1250305175781,0.0,37140.48687362671,0.0,95.10253474537895,0.0,557.0,0.0,556255.0,0.0,1310481.0,0.0,408858.0,0.0,0.984,0.0
14,9,0.2,1,0.9980836431226766,0.0,4.7,0.0,247687.65224003833,0.0,0.4,0.0,0.5,0.0,0.5462521270905129,0.0,121237.8427734375,0.0,5497.943420410156,0.0,19.611358642578125,0.0,5478.332061767578,0.0,126735.78619384766,0.0,95.66188557665882,0.0,538.0,0.0,536531.0,0.0,42415448.0,0.0,2377891.0,0.0,0.967,0.0
14,7,0.3,1,0.991434628975265,0.0,6.1000000000000005,0.0,403717.28769199766,0.0,0.4,0.0,0.5,0.0,0.6327943518401281,0.0,209334.73681640625,0.0,6561.931957244873,0.0,31.492900848388672,0.0,6530.439056396484,0.0,215896.66877365112,0.0,96.96061454096613,0.0,566.0,0.0,560749.0,0.0,74527856.0,0.0,4738384.0,0.0,0.936,0.0
14,13,0,1,1.0,0.0,0.5,0.0,23340.863230431856,0.0,0.4,0.0,0.5,0.0,0.3874560835345149,0.0,11350.9130859375,0.0,1124.2246704101562,0.0,0.0,0.0,1124.2246704101562,0.0,12475.137756347656,0.0,90.98827850748083,0.0,561.0,0.0,560439.0,0.0,0.0,0.0,0.0,0.0,1.0,0.0
14,13,0.1,1,0.9995607476635514,0.0,2.9000000000000004,0.0,88187.13609810788,0.0,0.4,0.0,0.5,0.0,0.46807319908136163,0.0,42156.873046875,0.0,2776.115135192871,0.0,9.859275817871094,0.0,2766.255859375,0.0,44932.98818206787,0.0,93.82165476299042,0.0,535.0,0.0,534269.0,0.0,4676701.0,0.0,565002.0,0.0,0.979,0.0
14,11,0.2,1,0.9963672727272728,0.0,4.800000000000001,0.0,242444.91647018644,0.0,0.4,0.0,0.5,0.0,0.5461639329891353,0.0,119767.08251953125,0.0,6834.557559967041,0.0,19.599246978759766,0.0,6814.958312988281,0.0,126601.64007949829,0.0,94.60152526011879,0.0,550.0,0.0,547553.0,0.0,46722123.0,0.0,2634807.0,0.0,0.967,0.0
14,15,0,1,1.0,0.0,0.5,0.0,23506.974089879353,0.0,0.4,0.0,0.5,0.0,0.38605798781237377,0.0,11477.1328125,0.0,1288.3474731445312,0.0,0.0,0.0,1288.3474731445312,0.0,12765.480285644531,0.0,89.90756756255112,0.0,570.0,0.0,569430.0,0.0,0.0,0.0,0.0,0.0,1.0,0.0
14,9,0.3,1,0.9963019891500904,0.0,5.9,0.0,386581.5687679135,0.0,0.4,0.0,0.5,0.0,0.6203174211078861,0.0,193650.22265625,0.0,9327.073852539062,0.0,31.530380249023438,0.0,9295.543472290039,0.0,202977.29650878906,0.0,95.40486841978645,0.0,553.0,0.0,550562.0,0.0,91346390.0,0.0,5299470.0,0.0,0.966,0.0
14,15,0.1,1,0.9981082568807339,0.0,3.1,0.0,97169.70921255033,0.0,0.4,0.0,0.5,0.0,0.46781771412169076,0.0,47090.51953125,0.0,3272.45357131958,0.0,10.117435455322266,0.0,3262.336135864258,0.0,50362.97310256958,0.0,93.50226293301851,0.0,545.0,0.0,543476.0,0.0,5541540.0,0.0,657704.0,0.0,0.988,0.0
14,13,0.2,1,0.9964064748201439,0.0,4.7,0.0,228575.65700039745,0.0,0.4,0.0,0.5,0.0,0.5350722621671424,0.0,110363.6396484375,0.0,10300.736778259277,0.0,19.81945037841797,0.0,10280.91732788086,0.0,120664.37642669678,0.0,91.46331578275138,0.0,556.0,0.0,553540.0,0.0,64452068.0,0.0,2893412.0,0.0,0.978,0.0
14,11,0.3,1,0.9909911816578483,0.0,6.0,0.0,362481.6289816149,0.0,0.4,0.0,0.5,0.0,0.6265491453942833,0.0,180152.4697265625,0.0,13947.645488739014,0.0,31.499385833740234,0.0,13916.146102905273,0.0,194100.1152153015,0.0,92.81420030417402,0.0,567.0,0.0,561487.0,0.0,109349579.0,0.0,5120214.0,0.0,0.969,0.0
14,17,0,1,1.0,0.0,0.5,0.0,24154.585766031687,0.0,0.4,0.0,0.5,0.0,0.38543515052053956,0.0,10647.95947265625,0.0,1479.6662139892578,0.0,0.0,0.0,1479.6662139892578,0.0,12127.625686645508,0.0,87.79920940651547,0.0,527.0,0.0,526473.0,0.0,0.0,0.0,0.0,0.0,1.0,0.0
14,17,0.1,1,0.999904593639576,0.0,3.1,0.0,99706.62330882119,0.0,0.4,0.0,0.5,0.0,0.4690101762539925,0.0,49306.43701171875,0.0,4459.350917816162,0.0,10.005855560302734,0.0,4449.345062255859,0.0,53765.78792953491,0.0,91.70596937282764,0.0,566.0,0.0,565434.0,0.0,9763725.0,0.0,700531.0,0.0,0.985,0.0
14,13,0.3,1,0.9965,0.0,5.9,0.0,352844.7100950321,0.0,0.4,0.0,0.5,0.0,0.6164219614920724,0.0,173581.3330078125,0.0,18087.452407836914,0.0,31.595230102539062,0.0,18055.857177734375,0.0,191668.7854156494,0.0,90.56317262687674,0.0,572.0,0.0,569597.0,0.0,123596282.0,0.0,5714985.0,0.0,0.945,0.0
14,15,0.2,1,0.9965191637630662,0.0,4.6000000000000005,0.0,219950.7497252997,0.0,0.4,0.0,0.5,0.0,0.5325197889182057,0.0,108527.4609375,0.0,11357.880603790283,0.0,19.681644439697266,0.0,11338.198959350586,0.0,119885.34154129028,0.0,90.52604725667945,0.0,574.0,0.0,571532.0,0.0,65920538.0,0.0,2773197.0,0.0,0.976,0.0
14,19,0,1,1.0,0.0,0.5,0.0,24303.704178252327,0.0,0.4,0.0,0.5,0.0,0.3858630853075297,0.0,10869.345703125,0.0,1634.1602478027344,0.0,0.0,0.0,1634.1602478027344,0.0,12503.505950927734,0.0,86.93038373224046,0.0,540.0,0.0,539460.0,0.0,0.0,0.0,0.0,0.0,1.0,0.0
14,17,0.2,1,0.9999962962962963,0.0,4.6000000000000005,0.0,231200.75024278864,0.0,0.4,0.0,0.5,0.0,0.5385802240327375,0.0,103960.44287109375,0.0,15008.140811920166,0.0,19.56949234008789,0.0,14988.571319580078,0.0,118968.58368301392,0.0,87.38478651480912,0.0,540.0,0.0,539564.0,0.0,76212225.0,0.0,2876584.0,0.0,0.97,0.0
14,15,0.3,1,0.9927213114754099,0.0,6.0,0.0,360979.41673001286,0.0,0.4,0.0,0.5,0.0,0.6196417357966751,0.0,167294.73486328125,0.0,20196.468269348145,0.0,31.29291534423828,0.0,20165.175354003906,0.0,187491.2031326294,0.0,89.22804487255792,0.0,549.0,0.0,544626.0,0.0,122737747.0,0.0,5393342.0,0.0,0.953,0.0
14,19,0.1,1,0.9964106194690265,0.0,3.1,0.0,112365.24121132816,0.0,0.4,0.0,0.5,0.0,0.4741368673516375,0.0,53679.95654296875,0.0,6592.848171234131,0.0,10.060405731201172,0.0,6582.78776550293,0.0,60272.80471420288,0.0,89.06165358905129,0.0,565.0,0.0,562457.0,0.0,20325208.0,0.0,1056744.0,0.0,0.986,0.0
14,21,0,1,1.0,0.0,0.5,0.0,24613.12032920166,0.0,0.4,0.0,0.5,0.0,0.38534134874245785,0.0,10891.05908203125,0.0,1795.0813598632812,0.0,0.0,0.0,1795.0813598632812,0.0,12686.140441894531,0.0,85.85005921946734,0.0,541.0,0.0,540459.0,0.0,0.0,0.0,0.0,0.0,1.0,0.0
14,19,0.2,1,1.0,0.0,4.800000000000001,0.0,231761.23038273485,0.0,0.4,0.0,0.5,0.0,0.5472558860582696,0.0,103262.64404296875,0.0,16213.822528839111,0.0,19.682025909423828,0.0,16194.140502929688,0.0,119476.46657180786,0.0,86.42927515847293,0.0,541.0,0.0,540557.0,0.0,76993782.0,0.0,3028906.0,0.0,0.976,0.0
14,17,0.3,1,0.9947087719298245,0.0,6.0,0.0,348792.5076422374,0.0,0.4,0.0,0.5,0.0,0.6149948463433748,0.0,166159.07666015625,0.0,22307.61466217041,0.0,31.26697540283203,0.0,22276.347686767578,0.0,188466.69132232666,0.0,88.1636301323831,0.0,570.0,0.0,566588.0,0.0,127890848.0,0.0,5604258.0,0.0,0.956,0.0
14,21,0.1,1,0.9980467289719627,0.0,3.1,0.0,125941.68634471227,0.0,0.4,0.0,0.5,0.0,0.47306301560909597,0.0,55878.7470703125,0.0,8195.041912078857,0.0,9.89828109741211,0.0,8185.143630981445,0.0,64073.78898239136,0.0,87.20999328706625,0.0,535.0,0.0,533471.0,0.0,25727110.0,0.0,1061935.0,0.0,0.988,0.0
60,0,0,1,1.0,0.0,0.30000000000000004,0.0,91783.3033033033,0.0,0.30000000000000004,0.0,0.30000000000000004,0.0,0.2530975615334139,0.0,49755.54931640625,0.0,0.0,0.0,0.0,0.0,0.0,0.0,49755.54931640625,0.0,100.0,0.0,569.0,0.0,568431.0,0.0,0.0,0.0,0.0,0.0,1.0,0.0
60,0,0.1,1,0.9759208103130755,0.0,0.30000000000000004,0.0,92022.22912333792,0.0,0.30000000000000004,0.0,0.30000000000000004,0.0,0.2517931252042472,0.0,46418.14453125,0.0,40.10334014892578,0.0,40.10334014892578,0.0,0.0,0.0,46458.247871398926,0.0,99.91367875030515,0.0,543.0,0.0,529383.0,0.0,0.0,0.0,85667.0,0.0,0.979,0.0
60,0,0.2,1,0.9587513321492007,0.0,0.30000000000000004,0.0,92055.54825356908,0.0,0.30000000000000004,0.0,0.30000000000000004,0.0,0.252494185981818,0.0,47264.4814453125,0.0,73.66132736206055,0.0,73.66132736206055,0.0,0.0,0.0,47338.14277267456,0.0,99.84439328827116,0.0,563.0,0.0,539214.0,0.0,0.0,0.0,175055.0,0.0,0.974,0.0
14,21,0.2,1,0.9981692844677138,0.0,4.7,0.0,219054.62091146436,0.0,0.4,0.0,0.5,0.0,0.5485927668003555,0.0,101798.47998046875,0.0,17586.722942352295,0.0,19.476985931396484,0.0,17567.2459564209,0.0,119385.20292282104,0.0,85.26892570285986,0.0,573.0,0.0,571476.0,0.0,75819600.0,0.0,3159256.0,0.0,0.976,0.0
60,0,0.3,1,0.9351823104693141,0.0,0.4,0.0,92073.42200684393,0.0,0.30000000000000004,0.0,0.30000000000000004,0.0,0.25533418737525093,0.0,45329.63671875,0.0,114.45770263671875,0.0,114.45770263671875,0.0,0.0,0.0,45444.09442138672,0.0,99.74813514474423,0.0,554.0,0.0,517539.0,0.0,0.0,0.0,286824.0,0.0,0.946,0.0
14,19,0.3,1,0.9945757575757576,0.0,6.1000000000000005,0.0,364832.18977552355,0.0,0.4,0.0,0.5,0.0,0.6252968269113501,0.0,167668.75927734375,0.0,26325.090534210205,0.0,31.587696075439453,0.0,26293.502838134766,0.0,193993.84981155396,0.0,86.42993550579956,0.0,561.0,0.0,557564.0,0.0,132568209.0,0.0,5741021.0,0.0,0.95,0.0
14,21,0.3,1,0.9998420138888889,0.0,5.9,0.0,367345.1286185925,0.0,0.4,0.0,0.5,0.0,0.6167433536055603,0.0,170719.46484375,0.0,30894.077255249023,0.0,31.396484375,0.0,30862.680770874023,0.0,201613.54209899902,0.0,84.67658623839911,0.0,576.0,0.0,575500.0,0.0,139894509.0,0.0,5672616.0,0.0,0.958,0.0
8,8,0,1,1.0,0.0,0.7000000000000001,0.0,13251.428878256587,0.0,0.5,0.0,0.6000000000000001,0.0,0.4887475397244492,0.0,6421.8544921875,0.0,685.9697418212891,0.0,0.0,0.0,685.9697418212891,0.0,7107.824234008789,0.0,90.34908968993449,0.0,563.0,0.0,562437.0,0.0,0.0,0.0,0.0,0.0,1.0,0.0
8,8,0.1,1,0.9957549909255898,0.0,3.1,0.0,26189.041694867636,0.0,0.5,0.0,0.6000000000000001,0.0,0.5889269158568199,0.0,12664.58056640625,0.0,1025.8882369995117,0.0,5.385780334472656,0.0,1020.5024566650391,0.0,13690.468803405762,0.0,92.50655144296957,0.0,551.0,0.0,548149.0,0.0,0.0,0.0,108083.0,0.0,0.987,0.0
8,8,0.2,1,0.9981978609625668,0.0,4.9,0.0,163547.7445158154,0.0,0.5,0.0,0.6000000000000001,0.0,0.6667242162003725,0.0,82221.99755859375,0.0,5046.743015289307,0.0,11.151981353759766,0.0,5035.591033935547,0.0,87268.74057388306,0.0,94.21700945596132,0.0,561.0,0.0,559518.0,0.0,16304039.0,0.0,1401095.0,0.0,0.961,0.0
8,8,0.3,1,0.9944927272727273,0.0,6.300000000000001,0.0,286464.7930081854,0.0,0.5,0.0,0.7000000000000001,0.0,0.7377983541353357,0.0,139056.72509765625,0.0,10266.2610206604,0.0,18.42813491821289,0.0,10247.832885742188,0.0,149322.98611831665,0.0,93.12479525923364,0.0,550.0,0.0,546582.0,0.0,41019113.0,0.0,3030979.0,0.0,0.961,0.0
